,DE,FR,IT,ES,NL,CH,UK,PL,SE,NO,BE,AT,PT,DK,FI,IE
2005-01-31,0.00014761904761910472,0.0006000000000000033,0.0008099999999999982,0.0005239544513458011,0.0007399999999999976,0.0013300000000000013,-0.00010299999999999893,0.00030000000000000165,0.0006000000000000033,0.0003999999999999976,0.0006999999999999992,0.0007010000000000002,0.0008000000000000021,0.0011099999999999999,0.0007999999999999952,0.0010000000000000009
2005-02-28,0.0002076190476189982,-0.00020000000000000573,0.00032999999999999696,0.00010302380952380286,0.00010999999999999899,-0.0013199999999999983,-0.00046500000000000014,0.0023999999999999924,0.0008000000000000021,0.0013000000000000025,0.00020000000000000573,0.00016800000000000148,0.00010000000000000286,0.0009499999999999995,0.0003000000000000086,0.00010000000000000286
2005-03-31,-0.0015219047619048007,-0.0014999999999999944,-0.0015900000000000011,-0.0015277857142857038,-0.0014199999999999977,0.00025999999999999635,-0.0020760000000000015,0.001800000000000003,-0.0010000000000000009,-0.0024999999999999953,-0.001899999999999999,-0.0015500000000000028,-0.0015000000000000083,-0.0017499999999999946,-0.0015000000000000083,-0.0015000000000000013
2005-04-30,0.0021380952380953,0.0020999999999999977,0.0018400000000000014,0.0020414285714286037,0.002120000000000004,0.0028100000000000035,0.0017420000000000005,0.0005999999999999964,0.002799999999999997,0.0014999999999999944,0.0015999999999999903,0.0020579999999999973,0.0020000000000000018,0.0023299999999999987,0.0021000000000000046,0.0020000000000000018
2005-05-31,0.0017829004329004,0.0016000000000000042,0.0010000000000000009,0.0016960389610388982,0.0017299999999999954,0.0005999999999999998,0.002045000000000005,0.0014000000000000054,0.0023999999999999994,0.0016999999999999932,0.0017000000000000001,0.0008340000000000014,0.0015000000000000013,0.0019599999999999965,0.001799999999999996,0.001800000000000003
2005-06-30,0.0017772727272726968,0.001799999999999996,0.0014800000000000021,0.0017427272727272985,0.0017000000000000001,0.00014999999999999736,0.0013260000000000008,0.004399999999999994,0.0023,0.0015000000000000083,0.001700000000000007,0.0018390000000000004,0.0016000000000000042,0.0022800000000000042,0.0017000000000000001,0.0014999999999999944
2005-07-31,-0.0007935064935064989,-0.0006999999999999992,-0.0003300000000000039,-0.0003406709956709983,-0.001350000000000004,0.0004399999999999994,-0.00016400000000000442,0.0019000000000000059,0.000499999999999997,-0.00010000000000000286,-0.0004000000000000045,-0.00038900000000000046,-0.0016000000000000042,-0.00047000000000000514,-0.0001999999999999988,-0.0005000000000000004
2005-08-31,-0.000268944099378797,-0.00030000000000000165,-0.00010999999999999899,-0.00011784679089030248,-0.0001399999999999943,0.0002700000000000029,-0.0002380000000000021,-0.0015999999999999973,-0.0008000000000000021,-0.0006000000000000033,-9.999999999999593e-05,-0.00016000000000000042,-0.0003999999999999976,-0.0003500000000000031,-0.0002999999999999947,-0.0003999999999999976
2005-09-30,0.0016488142292489967,0.0017000000000000001,0.0016200000000000034,0.0014289723320158008,0.0016699999999999979,-0.00022000000000000144,0.001140000000000009,0.0030999999999999917,0.0016000000000000042,0.0013000000000000025,0.0016999999999999932,0.0016860000000000035,0.0015999999999999973,0.0018900000000000028,0.0016999999999999967,0.0017999999999999995
2005-10-31,-0.0017084415584416,-0.0015999999999999973,-0.001570000000000002,-0.0018416017316016976,-0.0016299999999999995,-0.001469999999999999,-0.0013730000000000062,-0.0034000000000000002,-0.001899999999999999,-0.001899999999999999,-0.0015999999999999973,-0.0015279999999999981,-0.0015999999999999973,-0.0016699999999999979,-0.0014999999999999979,-0.0014999999999999979
2005-11-30,-0.0020961038961038944,-0.0021000000000000046,-0.0021100000000000008,-0.0020406709956709984,-0.0019900000000000057,-0.0008700000000000027,0.00035299999999999915,-0.004699999999999996,-0.0020999999999999977,-0.002799999999999997,-0.001899999999999999,-0.0020880000000000065,-0.001899999999999999,-0.0024400000000000047,-0.0021000000000000046,-0.0021000000000000046
2005-12-31,0.001105627705627693,0.0012000000000000066,0.00102,0.0010801948051947993,0.0012500000000000011,0.0022400000000000024,0.0009429999999999994,0.0022000000000000006,9.999999999999593e-05,0.0012999999999999956,0.0010000000000000009,0.0011790000000000064,0.0011999999999999997,0.0010900000000000007,0.0010000000000000009,0.0004000000000000045
2006-01-31,0.00016255411255410718,0.0003999999999999976,8.99999999999998e-05,0.0003798051948051967,0.0002600000000000033,-0.0019300000000000012,0.0014340000000000047,0.0020999999999999977,0.0005000000000000004,0.001800000000000003,0.0001999999999999988,0.0003209999999999949,9.999999999999593e-05,0.0004200000000000037,0.00020000000000000573,0.0003999999999999976
2006-02-28,-0.0015113636363636024,-0.0017000000000000001,-0.0015300000000000036,-0.0015230909090908976,-0.0014899999999999983,-0.0009899999999999978,-0.000791000000000007,0.0016000000000000042,-0.0010000000000000009,-0.0007000000000000062,-0.0017000000000000001,-0.0014819999999999972,-0.0015000000000000013,-0.0017300000000000024,-0.0016000000000000042,-0.0015000000000000013
2006-03-31,-0.0016489130434782992,-0.001800000000000003,-0.002259999999999998,-0.0016601304347826015,-0.001800000000000003,-0.0026499999999999996,-0.0016339999999999966,-0.0,-0.0012999999999999956,-0.0011999999999999927,-0.0016000000000000042,-0.0017840000000000009,-0.0016999999999999932,-0.0022000000000000006,-0.001800000000000003,-0.001799999999999996
2006-04-30,-0.0025760869565217004,-0.002599999999999998,-0.0029900000000000065,-0.0026997584541062977,-0.0026499999999999926,-0.0023500000000000014,-0.001999999999999995,-0.0024000000000000063,-0.0029,-0.0023000000000000034,-0.002599999999999991,-0.002683000000000005,-0.002600000000000005,-0.002709999999999997,-0.002599999999999998,-0.0025000000000000022
2006-05-31,-0.0006772727272727069,-0.0005000000000000004,-0.0006299999999999917,-0.0006742929292928995,-0.00043000000000000677,0.0005199999999999962,-0.0013109999999999997,-0.0023999999999999924,-0.0005000000000000074,-0.0010000000000000009,-0.0007000000000000062,-0.0010769999999999946,-0.0003999999999999976,-0.00047000000000000514,-0.0005999999999999964,-0.0005999999999999964
2006-06-30,2.2727272727209036e-05,-9.999999999999593e-05,-0.00010000000000000286,-1.86363636364012e-05,-8.99999999999998e-05,-0.0014799999999999952,-0.0001570000000000113,-0.002800000000000004,-0.0003999999999999976,-0.000899999999999998,0.0001000000000000098,1.5999999999995185e-05,-0.0002999999999999947,-6.999999999999368e-05,-0.0007999999999999952,-0.00020000000000000573
2006-07-31,-0.0004954545454545004,-0.00020000000000000573,-0.00010999999999999899,-0.0003572294372293991,-0.00021000000000000185,0.0010599999999999984,8.500000000000868e-05,-9.999999999999593e-05,-0.0002999999999999947,-0.0005000000000000004,-0.00020000000000000573,-0.00025999999999999635,-0.0004000000000000045,-0.00034,-0.0004000000000000045,-0.0001999999999999988
2006-08-31,0.0012608695652173985,0.0013000000000000025,0.001349999999999997,0.0013133954451345978,0.0009100000000000011,0.0019499999999999969,2.4999999999997247e-05,-0.0006000000000000033,0.0011999999999999997,0.0010999999999999968,0.0011999999999999997,0.0013270000000000018,0.0008000000000000021,0.0012899999999999995,0.0011999999999999997,0.0011999999999999997
2006-09-30,0.0013010351966873945,0.0013000000000000025,0.001350000000000011,0.0012927950310559003,0.0012500000000000011,0.0017800000000000003,0.001013,0.0013999999999999985,0.0013999999999999915,0.0008000000000000021,0.0012999999999999956,0.0012759999999999994,0.0012999999999999956,0.0014200000000000046,0.0013999999999999985,0.0012000000000000066
2006-10-31,-0.0003391774891774932,-0.0004000000000000045,-0.00034000000000000696,-0.0004962337662337973,-0.00041999999999999676,-0.0012599999999999972,-0.0006330000000000016,0.0007999999999999952,-0.0002999999999999947,-0.0005999999999999964,-0.0003999999999999976,-0.0004060000000000036,-0.0005000000000000004,-0.0008600000000000066,-0.0003999999999999976,-0.00020000000000000573
2006-11-30,0.0007363636363635975,0.0006999999999999992,0.0010000000000000009,0.0006590909090909008,0.0007099999999999954,0.0015399999999999997,0.0007029999999999953,0.0020000000000000018,0.0010999999999999968,0.0001999999999999988,0.0007000000000000062,0.0007570000000000007,0.000899999999999998,0.0010300000000000031,0.000899999999999998,0.0005999999999999964
2006-12-31,-0.0005643540669856006,-0.0006999999999999992,-0.00068,-0.000692631578947403,-0.0006999999999999992,-0.0014799999999999987,-0.0007430000000000006,0.0006000000000000102,-0.0002999999999999947,-0.0008000000000000021,-0.0006000000000000033,-0.0005309999999999968,-0.0006999999999999923,-1.9999999999999185e-05,-0.0006999999999999992,-0.00039999999999999064
2007-01-31,-0.0024629186602870973,-0.002599999999999998,-0.002250000000000002,-0.002561913875598107,-0.002329999999999992,-0.0013000000000000025,-0.0024989999999999873,-0.00030000000000000165,-0.0025000000000000022,-0.0014999999999999944,-0.0023999999999999994,-0.002481999999999998,-0.0022000000000000006,-0.0021900000000000044,-0.0023000000000000034,-0.002800000000000004
2007-02-28,-0.0003218181818182078,-0.0002999999999999947,-0.00017000000000000348,-0.00038345454545449936,-0.00022000000000000491,0.0006300000000000021,-0.00026600000000000235,-0.00020000000000000573,-0.00030000000000000165,-0.0013000000000000025,-0.0005000000000000074,-0.00032300000000000384,-0.0001000000000000098,-0.0005799999999999972,-0.00030000000000000165,-0.00030000000000000165
2007-03-31,0.0010809090909091046,0.000999999999999994,0.0010400000000000062,0.001021181818181803,0.0009599999999999956,-0.0014599999999999995,0.0007659999999999959,-0.0,0.0013999999999999985,0.0006999999999999923,0.0010000000000000078,0.0010450000000000043,0.0009000000000000119,0.0009599999999999956,0.0010000000000000009,0.0010000000000000009
2007-04-30,-0.0021119617224880927,-0.0020999999999999977,-0.0019400000000000042,-0.0020005502392344,-0.0021599999999999953,-0.0009900000000000013,-0.002244999999999997,-0.000899999999999998,-0.0024999999999999953,-0.002599999999999998,-0.0020999999999999977,-0.0021830000000000044,-0.0020000000000000018,-0.002239999999999999,-0.0022000000000000006,-0.0022000000000000075
2007-05-31,-0.001269423558897205,-0.0013000000000000025,-0.0011999999999999997,-0.0012754887218044964,-0.0013400000000000079,-0.0023099999999999996,-0.001019000000000006,-0.00010000000000000286,-0.0011000000000000038,-0.0016999999999999932,-0.0012000000000000066,-0.001238999999999997,-0.0014000000000000054,-0.0015399999999999997,-0.0012999999999999956,-0.0012999999999999956
2007-06-30,-0.0028142857142856997,-0.002799999999999997,-0.002820000000000003,-0.0028399999999999953,-0.0028599999999999945,-0.0016199999999999964,-0.0028629999999999975,-0.0022999999999999965,-0.0029,-0.0031000000000000055,-0.0029999999999999957,-0.0029589999999999964,-0.0030000000000000027,-0.0030899999999999955,-0.0029,-0.0029999999999999957
2007-07-31,0.0005547619047618982,0.0003999999999999976,0.00012000000000000899,0.0002405844155843953,0.0005000000000000004,0.0008599999999999962,0.0002370000000000011,-0.0007999999999999952,-0.00010000000000000286,0.000900000000000005,0.0001999999999999988,0.00040299999999999364,0.00010000000000000286,0.0006299999999999986,0.00030000000000000165,0.00030000000000000165
2007-08-31,0.0020847826086956983,0.0019000000000000059,0.0017599999999999977,0.0019809683794465988,0.0018099999999999991,0.0005900000000000002,0.002585000000000004,-0.0008000000000000021,0.0020000000000000018,0.001899999999999992,0.001799999999999996,0.002037000000000004,0.001800000000000003,0.001910000000000002,0.0020000000000000018,0.001899999999999992
2007-09-30,0.0007052173913043025,0.0002999999999999947,0.00010000000000000286,0.0004413043478260978,0.0004000000000000045,-7.000000000000062e-05,0.001570999999999996,-0.0001000000000000098,0.0003000000000000086,0.0010000000000000078,0.0005000000000000074,0.0005109999999999976,0.0005000000000000004,0.0003399999999999931,0.0004999999999999935,0.0008000000000000021
2007-10-31,-0.0005660869565217025,-0.0004000000000000045,-0.00017000000000000348,-0.00024347826086960206,-0.0003300000000000039,0.0006899999999999996,0.00035199999999999815,0.0005000000000000074,-0.000900000000000005,-0.0010000000000000078,-0.00030000000000000165,-0.0006979999999999972,-0.0001999999999999988,-0.00036999999999999533,-0.0003999999999999976,-0.0006999999999999923
2007-11-30,0.0019351778656126056,0.0017000000000000001,0.0014199999999999977,0.0013048418972332054,0.0016700000000000048,0.0008099999999999982,0.0023130000000000026,-0.0006200000000000025,0.000900000000000005,0.0015000000000000083,0.0013999999999999915,0.0018679999999999947,0.0015999999999999973,0.0018600000000000005,0.0016000000000000042,0.0007999999999999952
2007-12-31,-0.0011679144385027054,-0.0011999999999999927,-0.0008900000000000019,-0.0009984224598930044,-0.0012900000000000064,-0.0020499999999999997,0.0003259999999999999,-0.001580000000000005,-0.000900000000000005,0.000999999999999994,-0.0012999999999999956,-0.0013639999999999972,-0.0010999999999999968,-0.0012599999999999972,-0.0012000000000000066,-0.0014000000000000054
2008-01-31,0.001781550802139105,0.001999999999999995,0.0013900000000000023,0.0016497860962567043,0.0020700000000000024,0.0017200000000000028,0.002012,0.0005000000000000074,0.0022999999999999965,0.0014000000000000054,0.0015999999999999973,0.0013330000000000009,0.0015999999999999973,0.0018499999999999975,0.0020000000000000018,0.0020000000000000018
2008-02-29,0.0007487012987012973,0.0006999999999999992,0.000449999999999999,0.0003863203463203013,0.0008499999999999966,-0.0012000000000000031,-0.0013090000000000046,-0.00010000000000000286,0.0006000000000000102,0.0013000000000000025,0.0001999999999999988,0.00035999999999999227,0.0004000000000000045,0.0006700000000000039,0.0008000000000000021,0.0004000000000000045
2008-03-31,0.0015338345864661027,0.0006000000000000102,-0.0002299999999999941,0.000264636591478698,0.0007199999999999984,0.0002600000000000033,0.0017840000000000009,-0.0017000000000000001,0.000999999999999994,0.0010999999999999899,-0.0,0.0003660000000000052,-0.000900000000000005,0.000449999999999999,0.0005999999999999964,0.0003999999999999976
2008-04-30,-0.002405263157894702,-0.0025000000000000022,-0.0015500000000000028,-0.0019264114832536067,-0.002359999999999994,-0.002089999999999998,-0.0019819999999999977,-0.0,-0.0013999999999999985,-0.0021999999999999936,-0.0013999999999999985,-0.0019890000000000047,-0.0015999999999999973,-0.002480000000000003,-0.0021999999999999936,-0.002700000000000001
2008-05-31,-0.0016190476190475964,-0.0014000000000000054,-0.0017100000000000032,-0.0011187727272726974,-0.0015200000000000005,-0.0004200000000000037,-0.002250999999999996,-0.0010999999999999968,-0.0011999999999999997,-0.0013000000000000025,-0.0013999999999999985,-0.0013680000000000012,-0.0008000000000000021,-0.0013000000000000025,-0.0025000000000000022,-0.0013999999999999985
2008-06-30,-0.0031857142857143056,-0.0032000000000000015,-0.004029999999999999,-0.0036946904761904972,-0.003720000000000001,-5.9999999999997555e-05,-0.0034200000000000064,-0.0031999999999999945,-0.0025000000000000022,-0.0031000000000000055,-0.0032999999999999974,-0.003158999999999988,-0.003599999999999999,-0.004089999999999996,-0.0031000000000000055,-0.0033000000000000043
2008-07-31,0.0003004140786748988,0.0003999999999999976,0.00011000000000000593,-6.244588744590274e-05,0.0004699999999999982,0.001239999999999998,0.0016089999999999993,-0.0003000000000000086,0.0005999999999999964,-0.0,-9.999999999999593e-05,0.00015499999999999542,9.999999999999593e-05,0.0004699999999999982,0.0001000000000000098,-9.999999999999593e-05
2008-08-31,0.0028805383022775036,0.0029,0.002809999999999993,0.0023874598930481994,0.0028900000000000037,0.002239999999999999,0.0032270000000000007,0.0034000000000000002,0.002599999999999998,0.0025000000000000022,0.002699999999999994,0.0029829999999999995,0.002599999999999998,0.002910000000000003,0.0029999999999999957,0.0033000000000000043
2008-09-30,0.0010829004329004008,0.0004000000000000045,0.00010000000000000286,-9.21568627450936e-05,0.000449999999999999,0.00273,0.0015660000000000049,0.0022000000000000075,0.0021000000000000046,0.0020000000000000018,0.00020000000000000573,0.00024700000000000416,0.00030000000000000165,0.0011299999999999921,0.0003999999999999976,0.00030000000000000165
2008-10-31,0.002106126482213394,0.001800000000000003,0.00023999999999999716,0.0010233333333332928,0.0012500000000000011,-0.000949999999999996,-8.79999999999978e-05,-0.004600000000000007,0.0033000000000000043,0.0032000000000000015,0.000999999999999994,0.001235999999999994,0.0010000000000000078,-0.0005399999999999919,0.0010000000000000009,9.999999999999593e-05
2008-11-30,0.003269782608695704,0.001999999999999995,0.00037000000000000227,0.0031920000000000073,0.0026499999999999996,0.005379999999999999,0.0032179999999999917,0.0011999999999999997,0.0022999999999999965,-9.999999999999593e-05,0.0020000000000000018,0.0014189999999999967,0.0020999999999999977,0.003699999999999995,0.0023999999999999994,-9.999999999999593e-05
2008-12-31,0.005086052631578901,0.004400000000000001,0.0027399999999999994,0.002886235294117599,0.003160000000000003,0.000779999999999996,0.006333000000000005,0.005299999999999999,0.006700000000000001,0.0040999999999999995,0.0039000000000000007,0.0029640000000000014,0.0034000000000000002,0.0055699999999999986,0.003699999999999995,-0.0001000000000000098
2009-01-31,-0.00023057644110270267,-0.0006000000000000033,-0.0015200000000000005,-0.002876656346749204,-0.0011600000000000013,-0.000729999999999998,-0.0004610000000000031,0.0023999999999999994,-0.001299999999999999,0.0007999999999999952,-0.002599999999999998,-0.0010259999999999991,-0.0031000000000000055,0.0005800000000000041,-0.0014999999999999944,-0.0063
2009-02-28,-0.0005654761904761961,-0.0007999999999999952,0.0008500000000000035,-0.0008770789473683954,-0.00034000000000000696,0.00047000000000000167,-0.0001999999999999988,-0.005099999999999993,-0.001300000000000006,-0.0005999999999999964,-0.0011000000000000038,-0.0020779999999999965,-0.001999999999999995,-0.0010799999999999976,-0.0006000000000000033,-0.004499999999999997
2009-03-31,0.0010795454545454962,0.00030000000000000165,0.000779999999999996,0.0017478809523808966,0.0013900000000000023,-9.999999999999593e-06,0.004402000000000003,-0.002531818179999999,-9.999999999999593e-05,-0.0006000000000000033,0.0020999999999999977,0.0004099999999999937,-0.0015999999999999973,0.0010999999999999968,0.0011999999999999997,-0.0010999999999999968
2009-04-30,-0.0011345454545454957,-0.00010000000000000286,0.00102,0.0005301190476191056,-0.001129999999999999,-0.00021000000000000185,-0.001575,0.0003318181799999917,-0.002400000000000003,-0.000899999999999998,0.0010000000000000009,0.0012030000000000027,0.0014999999999999944,-0.0005900000000000002,0.00030000000000000165,0.004200000000000002
2009-05-31,-0.00238,-0.0013999999999999985,-0.0005900000000000002,-0.0004849999999999993,-0.0008200000000000013,-0.0034000000000000002,-0.002134000000000004,-0.001239999999999998,-0.0038999999999999937,-0.0022000000000000006,-0.0010000000000000009,-0.0005789999999999962,0.0023999999999999994,-0.0011899999999999966,-0.0013000000000000025,0.0006999999999999992
2009-06-30,-0.001026363636363603,-0.0010000000000000009,-0.001909999999999995,-0.0018079545454546056,-0.0010299999999999962,0.0005799999999999972,-0.001015000000000002,-0.00025999999999999635,-0.0005000000000000074,-0.0011000000000000038,-0.000899999999999998,-0.0021849999999999994,-0.0020999999999999977,-0.0013799999999999993,-0.0006999999999999992,-0.004600000000000007
2009-07-31,0.0013581027667984025,0.0017000000000000001,0.002329999999999992,0.0022308893280633055,0.001919999999999998,0.0028600000000000014,-0.001016999999999997,0.0014999999999999944,0.0025000000000000022,0.001800000000000003,0.0020000000000000018,0.002793000000000004,0.0024999999999999953,0.00019999999999999185,0.0021000000000000046,0.002800000000000004
2009-08-31,0.0003258799171841978,0.0013999999999999985,0.0025700000000000098,0.002335755693581798,0.0015500000000000028,0.00068,0.0010959999999999998,0.0011000000000000038,-0.0008000000000000021,-0.0011999999999999997,0.0015000000000000013,0.002798999999999996,0.0030000000000000027,0.0013400000000000079,0.0013999999999999985,0.005299999999999999
2009-09-30,0.0004205627705628004,-0.0,0.00027999999999999553,-0.000248463203463202,0.0002899999999999986,-0.0003099999999999978,0.0005760000000000001,-0.000899999999999998,0.0007000000000000062,-0.0,0.0004999999999999935,0.00013200000000000017,0.0001999999999999988,-0.0004400000000000029,9.999999999999593e-05,9.999999999999593e-05
2009-10-31,0.0005409090909090988,0.00030000000000000165,-0.00012999999999999817,0.0003213636363635988,0.0004699999999999982,-0.0005199999999999996,0.0008669999999999997,0.00019999999999999185,0.0012999999999999956,0.0010000000000000009,0.0004000000000000045,0.0009409999999999974,0.0008000000000000021,0.0005000000000000004,0.0005000000000000074,0.0014000000000000123
2009-11-30,-8.051948051950031e-05,-0.0,0.00043999999999999595,-0.0001843290043289994,0.00012999999999999817,0.002050000000000003,-0.0018929999999999989,0.0001000000000000098,-0.0001999999999999988,0.00030000000000000165,0.0003999999999999976,0.0005440000000000028,0.0005000000000000004,-0.0002600000000000033,0.0003999999999999976,-0.0005000000000000074
2009-12-31,0.0007864285714285976,0.0008000000000000021,0.0005000000000000074,-0.00014676190476189954,0.0008200000000000013,0.0002999999999999947,-0.0012790000000000024,-0.0008000000000000021,0.0002999999999999947,0.0005999999999999964,0.00030000000000000165,-7.800000000000168e-05,-0.0011000000000000038,0.0009300000000000003,0.0006999999999999992,-0.0005999999999999964
2010-01-31,-0.0011899999999999966,-0.0004000000000000045,-0.0007100000000000092,-0.001844499999999999,-0.0002899999999999986,-0.0003799999999999949,-0.0011540000000000022,0.000899999999999998,-0.0012999999999999956,-0.0010000000000000009,-0.0013999999999999985,-0.0014329999999999968,-0.002599999999999998,-0.00039000000000000146,-0.00030000000000000165,0.0004999999999999935
2010-02-28,0.0008750000000000008,0.0001999999999999988,0.0003100000000000047,0.00010550000000000143,0.0011099999999999999,0.0007899999999999956,-0.0005989999999999954,0.0004000000000000045,0.000900000000000005,0.0021000000000000046,0.0001999999999999988,0.0008859999999999979,-0.0038999999999999937,0.0007200000000000054,0.0011000000000000038,0.0010000000000000009
2010-03-31,0.0006782608695651976,0.0006000000000000033,0.00102,0.0014762173913042964,-0.00012000000000000205,-9.99999999999994e-05,-0.0002909999999999996,0.003699999999999995,0.0007999999999999952,0.0001999999999999988,0.0010000000000000009,0.0012819999999999984,0.0024999999999999953,0.0009599999999999956,0.0011999999999999997,0.0020000000000000018
2010-04-30,0.0003767391304348028,0.0003999999999999976,-0.0005100000000000035,-0.0007094279176200965,0.0004699999999999982,0.0007600000000000003,-9.199999999999486e-05,0.0015000000000000013,0.0005999999999999964,0.00010000000000000286,0.000899999999999998,0.000792000000000001,-0.004700000000000003,0.0005700000000000011,-0.0010000000000000009,-0.0022999999999999965
2010-05-31,0.0033021428571428993,0.0032000000000000015,0.00011000000000000593,-0.001827218045112801,0.003030000000000005,0.002919999999999999,0.003234999999999995,-0.0015000000000000013,0.004100000000000003,0.003799999999999998,0.0023000000000000034,0.00247,-0.0023999999999999924,0.004150000000000001,0.003300000000000001,-0.0010000000000000078
2010-06-30,0.001911038961038898,0.00010000000000000286,-0.0011700000000000044,-0.004713571428571407,0.0011899999999999966,0.0006400000000000017,0.0017650000000000027,-0.0015000000000000013,0.0012000000000000031,0.0010000000000000009,-0.0016000000000000042,0.00010799999999999699,-0.005300000000000006,0.002270000000000001,0.0010999999999999968,-0.00449999999999999
2010-07-31,-0.000727272727272698,0.0007999999999999952,0.0007600000000000037,0.0012240909090909038,0.0004599999999999986,8.99999999999998e-05,0.0009199999999999972,0.00030000000000000165,-0.000900000000000005,0.0002999999999999947,0.001800000000000003,0.0013240000000000023,0.0005999999999999964,-0.0001500000000000043,0.0006999999999999992,-0.0001000000000000098
2010-08-31,0.002659090909090899,0.003100000000000002,0.002239999999999999,0.003959090909090898,0.0029500000000000047,0.0030799999999999994,0.0027570000000000025,0.0022000000000000006,0.0025000000000000022,0.002100000000000001,0.0026000000000000016,0.0029190000000000015,0.00180000000000001,0.002700000000000001,0.0023,0.00020000000000000573
2010-09-30,0.0004954545454544969,-0.0,-0.0006000000000000033,-0.0005745454545453901,0.00034,-0.0018000000000000013,0.0010589999999999974,0.0012999999999999956,-0.0007999999999999986,-0.0017999999999999995,-0.000900000000000005,-0.0002970000000000021,-0.0077000000000000055,0.0005100000000000035,0.00040000000000000105,-0.008399999999999998
2010-10-31,-0.0004525974025973989,-0.00040000000000000105,0.0006200000000000025,0.0005811255411255004,-0.0005300000000000027,-0.0008599999999999979,0.0005860000000000032,-0.0003999999999999976,-0.0011000000000000003,0.0005999999999999964,-0.0008999999999999946,-0.000171000000000001,0.00030000000000000165,-0.0006099999999999994,-0.0005000000000000004,-0.002799999999999997
2010-11-30,-0.0018701298701297997,-0.002799999999999997,-0.003840000000000003,-0.006493809523809506,-0.0020799999999999985,-0.0010000000000000009,-0.0024250000000000035,-0.0029,-0.0022000000000000006,-0.00039999999999999064,-0.002700000000000001,-0.0019499999999999969,-0.008599999999999997,-0.0019600000000000034,-0.001899999999999999,-0.018000000000000016
2010-12-31,-0.003820346320346297,-0.0034000000000000002,-0.004189999999999992,-0.0068847619047619005,-0.003699999999999995,-0.0011599999999999978,-0.0029879999999999976,-0.0016000000000000042,-0.003499999999999996,-0.0033000000000000043,-0.005100000000000007,-0.0041700000000000036,0.003799999999999998,-0.003599999999999999,-0.0036999999999999984,-0.0022999999999999826
2011-01-31,-0.001019047619047704,-0.0010000000000000009,-0.0012600000000000042,-4.9523809523797924e-05,-0.0007300000000000084,-0.0014400000000000038,-0.0011750000000000024,-0.002799999999999997,-0.0006999999999999992,-0.0013999999999999985,-0.0014999999999999944,-0.0010879999999999987,-0.004200000000000009,-0.00040000000000000105,-0.0008000000000000021,-0.0030000000000000027
2011-02-28,-0.001823333333333295,-0.0016000000000000042,-7.000000000000062e-05,0.0012153333333333044,-0.001799999999999996,-0.000789999999999999,-0.0015259999999999996,-0.0,-0.0013000000000000025,-0.0006000000000000033,-0.0006999999999999992,-0.001356999999999997,-0.003899999999999987,-0.0017800000000000003,-0.0013999999999999985,-0.003500000000000003
2011-03-31,-0.00012739130434780144,-9.999999999999593e-05,-0.0013900000000000023,8.365217391299862e-05,-0.0001500000000000043,-0.00034,0.0014129999999999976,-9.999999999998899e-05,0.0005999999999999964,0.0004000000000000045,-0.0,-5.6000000000000494e-05,-0.004600000000000007,-0.0005900000000000002,-0.0004000000000000045,-0.005699999999999997
2011-04-30,-0.0012878718535468958,-0.0008000000000000021,0.00034,-0.00079302059496561,-0.002239999999999992,-0.0015200000000000005,-0.0002329999999999971,0.0012999999999999956,0.0005000000000000004,-0.00020000000000000573,-0.0008000000000000021,-0.0008190000000000003,-0.013899999999999996,-0.0012699999999999934,-0.0011999999999999927,-0.0011999999999999927
2011-05-31,0.002796172248803793,0.0020000000000000018,0.0008499999999999966,6.555023923440761e-05,0.0024399999999999977,0.002340000000000002,0.002565999999999999,0.0008000000000000021,0.0029000000000000033,0.0031000000000000055,0.0008000000000000021,0.002359,-0.004400000000000015,0.0028499999999999984,0.0024999999999999953,-0.008500000000000021
2011-06-30,0.0017000000000000001,0.0005999999999999964,-0.0005999999999999964,-0.0015768181818182,0.0011999999999999997,0.0010999999999999968,0.0009090000000000001,0.001799999999999996,0.0011999999999999962,0.0011999999999999997,0.0006999999999999992,0.0009419999999999984,-0.01239999999999998,0.0017299999999999954,0.00030000000000000165,-0.00789999999999999
2011-07-31,0.0014709956709957027,0.00030000000000000165,-0.006469999999999997,-0.003449935064935003,0.0011099999999999999,0.003030000000000003,0.001007000000000001,0.0006999999999999992,0.001400000000000002,0.0011999999999999927,-0.0007999999999999952,0.0008739999999999998,-0.012800000000000006,-0.0005799999999999972,0.0012999999999999956,-0.0102
2011-08-31,0.005303312629399502,0.004200000000000002,0.001919999999999998,0.0057250931677017974,0.004949999999999996,0.0030299999999999997,0.005304,0.0010999999999999968,0.0058,0.006400000000000003,0.0010999999999999899,0.005028999999999999,0.012200000000000003,0.0052199999999999955,0.004800000000000002,0.028799999999999992
2011-09-30,0.003843873517786596,0.0034000000000000002,-0.004750000000000004,0.0005212055335968996,0.0034100000000000033,0.0013000000000000008,0.0027930000000000003,-0.0003999999999999976,0.0034000000000000002,0.002400000000000003,0.0023000000000000034,0.0020040000000000023,-0.004100000000000006,0.004230000000000001,0.003300000000000001,0.010600000000000012
2011-10-31,-0.001732900432900402,-0.003500000000000003,-0.002259999999999998,-0.0005110606060605913,-0.0012799999999999999,-0.0007900000000000025,-0.0002500000000000002,0.00030000000000000165,-0.0006999999999999992,-0.0023,-0.0032000000000000015,-0.0028010000000000014,-0.0038000000000000117,-0.0016100000000000003,-0.0015999999999999973,0.0040999999999999925
2011-11-30,0.001282900432900403,-0.004199999999999995,-0.010850000000000005,-0.009407575757575809,0.00017999999999999614,0.0013700000000000014,0.002373,-0.0008699999999999958,0.002100000000000001,0.0009999999999999974,-0.006399999999999996,-0.004365999999999995,-0.0016999999999999932,0.0022700000000000047,-0.00030000000000000165,-0.0040999999999999925
2011-12-31,-0.0005352813852813991,0.0024999999999999953,0.0024500000000000077,0.006875670995671004,0.0007000000000000027,0.0020499999999999997,0.0010889999999999997,-0.00043000000000000677,9.99999999999994e-05,0.0011000000000000038,0.004900000000000002,0.0026469999999999966,-0.011899999999999994,0.0014799999999999987,0.0001999999999999988,-0.001899999999999999
2012-01-31,0.0010670995670995984,-0.0001999999999999988,0.0027500000000000024,0.001052380952381006,0.00179,5.0000000000000565e-05,0.0007240000000000024,0.0016000000000000042,-0.00020000000000000226,0.0015999999999999973,0.0023999999999999924,-0.0017450000000000035,-0.007699999999999985,0.0012199999999999989,0.002400000000000003,0.009899999999999992
2012-02-29,-0.0003099567099566977,0.0016000000000000007,0.009909999999999995,0.0028819047619046897,-0.00039000000000000146,0.00014999999999999996,-0.0010870000000000046,0.002242999999999995,-0.001899999999999999,-0.0017999999999999995,0.0040999999999999995,0.0027300000000000033,0.010399999999999993,-0.0010900000000000007,-0.0005999999999999998,0.006900000000000003
2012-03-31,0.0002145021645020978,0.0006999999999999992,0.004969999999999995,-0.0005863203463203001,-0.00012999999999999817,-0.0013399999999999992,-0.0010389999999999983,0.0008570000000000036,-0.0005999999999999998,-0.0007999999999999986,0.001700000000000007,0.0012359999999999975,-0.0020000000000000018,-0.0004299999999999998,0.0003999999999999976,0.0011999999999999927
2012-04-30,0.002062440191387599,-0.00040000000000000105,-0.006269999999999998,-0.006202727272727297,-0.00042000000000000023,0.0011899999999999992,0.0011129999999999994,-0.0011569999999999983,0.001299999999999999,0.001400000000000002,9.999999999999593e-05,0.00047300000000000467,0.009999999999999995,0.001740000000000002,0.0015000000000000013,0.00020000000000000573
2012-05-31,0.0028739234449761016,0.002400000000000003,-0.0010700000000000015,-0.0033554545454545018,0.0032999999999999974,0.0012500000000000002,0.002701000000000002,0.0007569999999999938,0.0031000000000000003,0.0029,0.0022000000000000006,0.0033199999999999966,0.004199999999999995,0.0034399999999999986,0.0032999999999999974,-0.0023999999999999994
2012-06-30,0.0003634199134199007,0.001800000000000003,-0.0012099999999999958,-0.004638354978355005,0.0003500000000000031,-0.0006800000000000009,0.0017179999999999973,0.0017000000000000001,0.0006000000000000016,0.0010999999999999968,0.0013000000000000025,0.002071,0.010300000000000004,0.0011400000000000021,0.0005999999999999998,0.0002999999999999947
2012-07-31,0.0005820346320345986,0.0029,-0.0009200000000000041,-0.0020561904761904892,0.00179,0.00117,0.0011750000000000024,0.0025000000000000022,0.001199999999999998,0.002100000000000001,0.004799999999999999,0.002187999999999999,0.0006999999999999923,0.0015499999999999976,0.002100000000000001,0.0097
2012-08-31,-0.0009946640316205006,0.0015999999999999973,0.0017400000000000054,0.002137142857142893,-9.99999999999994e-05,-7.999999999999934e-05,-0.00021200000000000038,0.0011000000000000038,-0.0010999999999999985,-0.001899999999999999,0.0015000000000000013,0.0009880000000000028,0.006000000000000005,-0.0004899999999999991,9.99999999999994e-05,0.0021000000000000046
2012-09-30,-0.0014876086956521987,-0.0012000000000000031,0.0056800000000000045,0.00660785714285711,-0.0008700000000000027,-0.0002999999999999999,-0.0004870000000000013,0.00030000000000000165,-0.000700000000000001,-0.0015000000000000013,-0.0006999999999999992,-0.0007120000000000008,0.012700000000000003,-0.0016100000000000003,-0.0028000000000000004,0.0063
2012-10-31,0.0002354347826086997,0.0005000000000000039,0.003009999999999992,0.0027390909090908924,0.0007700000000000033,2.0000000000000052e-05,-0.0004989999999999994,0.00279999999999999,-0.0002999999999999999,0.0009000000000000015,0.0017000000000000001,0.0002479999999999982,0.004500000000000004,0.0001799999999999996,0.00040000000000000105,0.005100000000000007
2012-11-30,0.0013104743083003998,0.000499999999999997,0.001020000000000007,-0.0004349999999999979,0.0011699999999999974,0.0006699999999999996,-1.9999999999999185e-05,0.0039000000000000076,0.0008000000000000004,-0.0002999999999999982,0.0014999999999999979,0.0016610000000000028,-0.0015000000000000013,0.0017900000000000017,0.0011000000000000003,0.001799999999999996
2012-12-31,0.0003649732620321002,0.001300000000000006,0.0030900000000000025,0.003501464646464697,0.0008800000000000006,-0.0002700000000000003,-0.000726000000000001,0.0029999999999999957,-0.0005000000000000004,-0.0007000000000000027,0.001899999999999999,0.0008209999999999988,0.010700000000000001,0.000389999999999998,0.0007999999999999986,-0.0008000000000000021
2013-01-31,-0.0021286096256685014,-0.0016000000000000042,0.0033399999999999958,0.002896717171717106,-0.0017599999999999994,-0.002320000000000001,-0.0023279999999999967,-0.00030000000000000165,-0.0029000000000000015,-0.0023,-0.0020999999999999977,-0.0015580000000000004,0.010099999999999991,-0.005380000000000001,-0.0014999999999999979,0.004900000000000002
2013-02-28,-0.00031227272727269925,-0.0007000000000000027,-0.0028500000000000053,-0.0016802727272727039,-0.0008899999999999984,0.0006800000000000018,-0.0009860000000000042,-0.0008000000000000021,-0.0019999999999999983,-0.001800000000000003,-0.0015000000000000013,-0.0004139999999999977,-0.0015999999999999973,-0.0011699999999999974,-0.0007000000000000027,0.003999999999999997
2013-03-31,0.001890000000000001,0.0017000000000000036,-0.0014699999999999921,0.0029695,0.001579999999999998,-0.0002600000000000007,0.0020130000000000044,0.0006000000000000033,0.0008000000000000021,0.0024999999999999988,0.002100000000000001,0.0021769999999999984,0.0030000000000000027,0.001409999999999998,0.0020000000000000018,-0.0005000000000000004
2013-04-30,0.0015830952380951994,0.0026999999999999975,0.0036199999999999982,0.003302547619047601,6.0000000000001025e-05,0.0013500000000000005,0.0019439999999999978,0.004305000000000003,0.002599999999999998,0.0017000000000000036,0.0020999999999999977,0.00102,-0.0005000000000000074,0.0017300000000000006,0.0009999999999999992,0.0005000000000000004
2013-05-31,-0.0009790043290042998,-0.0006999999999999992,0.003139999999999997,0.0034477705627706037,-0.00028000000000000247,-0.0014800000000000004,-0.0016380000000000006,0.0021950000000000025,-0.001299999999999999,-0.00030000000000000165,-0.0001999999999999988,-0.001066000000000001,0.006900000000000003,-0.000389999999999998,-0.0008999999999999998,0.0030000000000000027
2013-06-30,-0.002364090909090899,-0.0033999999999999968,-0.004149999999999994,-0.004243818181818203,-0.003089999999999999,-0.003,-0.0036009999999999966,-0.0067000000000000046,-0.002599999999999998,-0.002999999999999999,-0.003799999999999998,-0.0028479999999999964,-0.008399999999999998,-0.00268,-0.002799999999999997,-0.005399999999999995
2013-07-31,-0.0003515217391303997,-0.00040000000000000105,-0.0003900000000000084,0.00010526086956519354,-0.00032000000000000084,-0.00037000000000000054,-0.0016470000000000026,-0.0001999999999999988,-0.0011000000000000038,-0.0020999999999999977,-0.0010000000000000009,-0.000282000000000001,-0.005699999999999997,-0.0004299999999999998,-0.00030000000000000165,0.0013999999999999915
2013-08-31,-0.001693478260869602,-0.0011000000000000003,-9.999999999989184e-06,0.001529920948616606,-0.001639999999999999,-0.000449999999999999,-0.0023780000000000016,-0.0033333333300000073,-0.001799999999999996,-0.0023,-0.0011000000000000003,-0.001509,0.002699999999999994,-0.0017500000000000016,-0.0016000000000000007,-0.0003999999999999976
2013-09-30,-0.0015309523809524002,-0.0013000000000000025,-0.0012200000000000127,0.0009027705627705981,-0.0012600000000000007,0.0003199999999999991,-0.0013549999999999986,-0.001866666669999996,-0.002600000000000005,-0.002800000000000004,-0.0010000000000000009,-0.0012799999999999999,-0.004599999999999993,-0.0015900000000000011,-0.0011999999999999997,-0.00030000000000000165
2013-10-31,0.0012592132505176018,0.0010000000000000009,0.002930000000000002,0.002005569358178007,0.00145,0.0003999999999999993,0.0016590000000000008,0.0020999999999999977,0.0016000000000000042,0.0017000000000000001,0.001800000000000003,0.0015289999999999956,0.007300000000000001,0.0016500000000000022,0.0014999999999999979,0.0030000000000000027
2013-11-30,0.0008503105590061989,0.0011999999999999997,0.0015300000000000036,0.0010999782608695913,0.0012099999999999993,0.00039000000000000146,-0.0008139999999999988,-0.000999999999999994,0.0013999999999999985,0.0009000000000000015,0.0014999999999999979,0.0011220000000000015,0.0034999999999999892,0.0013699999999999997,0.0010000000000000009,0.0011999999999999997
2013-12-31,-0.0012063492063492005,-0.0005999999999999998,-0.00018999999999999573,-0.00032200000000000284,-0.0010000000000000009,-0.0022199999999999998,-0.001860000000000004,-0.0003666666700000015,-0.0009000000000000015,-0.0007999999999999986,-0.00010000000000000286,-0.0009370000000000003,-0.0005999999999999964,-0.0008799999999999988,-0.000899999999999998,0.0005000000000000004
2014-01-31,0.00041868686868690164,-0.000499999999999997,0.002479999999999996,0.003535500000000004,0.0005800000000000041,0.0026999999999999993,0.0003580000000000007,-3.333332999999605e-05,0.0001999999999999988,-0.00010000000000000286,-0.0001999999999999988,0.0004070000000000011,0.008300000000000002,0.0002899999999999986,0.0003999999999999976,0.000899999999999998
2014-02-28,0.0019740909090908993,0.001299999999999999,0.002149999999999999,0.0022375000000000034,0.002069999999999999,0.00032000000000000084,0.000952999999999999,-0.0005000000000000004,0.001400000000000002,0.0010000000000000009,0.0005000000000000004,0.001791000000000001,0.002800000000000004,0.0018299999999999983,0.0007000000000000027,0.0014999999999999944
2014-03-31,0.0004992857142857004,0.0010000000000000009,0.0025200000000000014,0.0024925000000000017,0.0008099999999999982,-4.0000000000000105e-05,0.00031000000000000125,0.0021999999999999936,0.0006999999999999992,-0.000899999999999998,0.001400000000000002,0.0008449999999999985,0.0049999999999999975,0.0005900000000000002,0.0001999999999999988,0.0019000000000000059
2014-04-30,0.0005207142857142997,0.0011999999999999997,0.0017099999999999962,0.0020784999999999935,-0.0003599999999999992,0.0009499999999999995,0.0004200000000000037,0.0015000000000000083,0.0010000000000000009,0.0005999999999999998,0.0009999999999999974,0.0009919999999999998,0.006100000000000001,0.0004900000000000009,0.0005999999999999998,0.0015000000000000013
2014-05-31,0.0012935714285713992,0.001899999999999999,0.0010500000000000023,0.001707214285714305,0.0013699999999999997,0.0008999999999999998,0.0004279999999999978,0.0029952380999999986,0.001800000000000003,0.0014999999999999979,0.0017000000000000001,0.0014840000000000027,0.0015999999999999973,0.000959999999999999,0.0015000000000000013,0.001899999999999999
2014-06-30,0.0006285714285715008,0.001299999999999999,0.0020300000000000006,0.0022095238095237967,0.0011099999999999999,0.0005600000000000006,-0.0008529999999999996,0.0026047618999999952,0.0007999999999999952,0.0012000000000000031,0.0016000000000000007,-0.0003070000000000017,0.0015999999999999973,0.0009200000000000024,0.0011999999999999962,0.002700000000000001
2014-07-31,0.0014993788819875013,0.0014999999999999996,0.0012600000000000007,0.0004147619047619039,0.0019100000000000002,0.00098,0.000498999999999996,0.0020000000000000018,0.0020000000000000018,0.001799999999999996,0.0022000000000000006,0.0018499999999999992,-0.001899999999999999,0.0014199999999999977,0.002100000000000001,0.0016000000000000007
2014-08-31,0.0015815734989648375,0.0015000000000000013,0.0016100000000000003,0.0025159999999999974,0.0020700000000000007,0.0008699999999999992,0.0019960000000000047,-0.0001999999999999988,0.0001999999999999988,0.0007000000000000027,0.002100000000000001,0.0018580000000000003,0.0022000000000000006,0.0016900000000000005,0.0018000000000000013,0.002599999999999998
2014-09-30,0.0003482683982683997,0.0005999999999999981,0.0023299999999999987,0.002233545454545502,0.00046000000000000034,-0.000599999999999999,0.0004280000000000013,0.002590999999999996,0.000700000000000001,-0.00040000000000000105,0.0009999999999999974,0.000588,0.0029,0.0010700000000000015,0.0005000000000000004,0.0026999999999999975
2014-10-31,0.0013045454545454506,0.0009000000000000015,-0.00023999999999999716,0.0008474110671935972,0.0012199999999999989,0.00030999999999999864,0.002449999999999994,0.003809,0.0020999999999999994,0.0019000000000000024,0.0012000000000000014,0.0011879999999999998,-0.0002999999999999947,-0.001680000000000001,0.0011999999999999997,0.00010000000000000286
2014-11-30,0.0007190909090909114,0.0012000000000000014,0.0013399999999999974,0.0004075434782609029,0.00098,0.0014500000000000008,0.0008760000000000018,0.001800000000000003,0.0016000000000000025,0.0016000000000000007,0.0010999999999999985,0.0012600000000000007,0.0007999999999999952,0.0010200000000000018,0.0010999999999999985,0.0015999999999999973
2014-12-31,0.001300526315789469,0.002199999999999999,0.002999999999999999,0.002851815789473699,0.001570000000000001,0.00038000000000000013,0.002305999999999999,-0.00013157895000000253,0.001299999999999999,0.002799999999999997,0.0016000000000000007,0.0016290000000000002,0.0032000000000000015,0.0009299999999999985,0.00010000000000000113,0.002700000000000001
2015-01-31,0.00198947368421053,0.0024999999999999996,0.0028800000000000006,0.0024327318295738996,0.0025700000000000002,0.00442,0.0033970000000000007,0.0034215789500000038,0.002299999999999999,0.0032000000000000015,0.0018000000000000004,0.002699,0.003199999999999998,0.0030600000000000002,0.0027,0.0009000000000000015
2015-02-28,0.0008800000000000001,0.0007000000000000001,0.0014500000000000016,0.00028995238095240114,0.0010400000000000001,-0.00082,-0.0014749999999999971,0.00014999999999999736,0.0016000000000000007,0.0005999999999999998,0.001,0.001030999999999999,0.0017000000000000036,0.00426,0.0014000000000000002,0.0009999999999999974
2015-03-31,0.0007472727272727301,0.0008999999999999998,0.0026299999999999987,0.0028728181818181986,0.0008999999999999993,0.00015999999999999999,-0.0005760000000000001,-0.0012945454500000002,0.0004000000000000002,-0.0015000000000000013,0.0014000000000000002,0.0006670000000000009,0.0058,-0.0009499999999999999,0.0008999999999999993,0.0032000000000000015
2015-04-30,0.00105272727272727,0.0007000000000000001,-0.0006300000000000004,-0.0008693181818182003,0.00012000000000000031,-0.00041000000000000005,0.000390999999999999,-0.00042045455000000106,0.0023999999999999994,0.0010000000000000009,0.0007000000000000001,0.0008249999999999993,-0.0013000000000000025,0.00049,0.0012000000000000001,0.0007000000000000001
2015-05-31,-0.0043378947368421,-0.0045,-0.00455,-0.004578815789473702,-0.004399999999999999,0.00071,-0.002693000000000001,-0.004524999999999998,-0.0040999999999999995,-0.002100000000000001,-0.0044,-0.004344,-0.0053999999999999986,-0.0048400000000000006,-0.004399999999999999,-0.005200000000000001
2015-06-30,-0.0023693779904306296,-0.0031000000000000003,-0.0038699999999999984,-0.004633229665071799,-0.003000000000000001,-0.00132,-0.0014529999999999994,-0.0036999999999999984,-0.0023999999999999994,-0.0011999999999999997,-0.0034999999999999996,-0.0033830000000000015,-0.005200000000000003,-0.0027,-0.003,-0.004
2015-07-31,0.0008272727272727294,0.0008999999999999998,0.001570000000000002,0.0013325889328064007,0.00068,0.00136,0.00034299999999999956,0.0002999999999999947,0.0017999999999999978,0.0006999999999999992,0.0005999999999999998,-0.00020299999999999832,0.0019000000000000024,0.0005700000000000011,0.0005999999999999998,0.0018000000000000013
2015-08-31,0.0010142857142857098,0.0010000000000000009,0.002029999999999997,0.0015093374741201003,0.0013300000000000013,0.00089,0.0015539999999999998,0.0027809523800000034,0.0015000000000000013,0.002100000000000001,0.0014999999999999996,0.0012429999999999993,0.0022000000000000006,0.0010099999999999987,0.0013000000000000008,0.0017999999999999995
2015-09-30,-0.00045519480519479964,9.99999999999994e-05,-0.0008099999999999982,-0.0008101082251082969,-0.0001299999999999999,-0.00023999999999999998,0.0009849999999999998,-0.0002900432900000034,-0.0004999999999999996,-0.0011000000000000003,-9.99999999999994e-05,-0.00010799999999999872,-0.0006999999999999992,-0.0008599999999999997,-0.0013000000000000008,-0.00020000000000000052
2015-10-31,0.0013590909090909096,0.0013000000000000008,0.002239999999999999,0.0030259090909090965,0.0014099999999999998,0.0017200000000000002,0.00035400000000000015,0.0025000000000000022,0.0004999999999999996,0.0002999999999999982,0.001599999999999999,0.0014089999999999988,0.0017999999999999995,0.00098,0.0013999999999999985,0.0017000000000000019
2015-11-30,1.9913419913419883e-05,-0.00010000000000000113,0.0012599999999999972,5.151515151499697e-06,8.99999999999998e-05,0.0003899999999999997,-0.0013190000000000007,-0.0006509090899999986,-0.0014000000000000002,-0.0005999999999999964,0.00010000000000000113,0.00010300000000000066,-0.0015999999999999973,0.0001799999999999996,-0.0,0.0003999999999999976
2015-12-31,-0.00029309523809523987,-0.0005000000000000004,-8.999999999999633e-05,0.0004204761904762003,-0.00038000000000000013,-0.0027199999999999998,0.0005450000000000003,-0.0023099999999999996,-0.0013000000000000008,0.0007999999999999986,-0.0005000000000000004,-0.00043799999999999915,0.0007999999999999952,-0.0002199999999999997,-0.0004999999999999987,-9.99999999999994e-05
2016-01-31,0.00115,0.0009000000000000015,0.000449999999999999,-0.00042330952380949943,0.0010799999999999994,0.0026,0.0014009999999999995,-0.00039842105000000017,0.0016000000000000007,0.0010000000000000009,0.0002999999999999999,0.000959999999999999,-0.002199999999999997,0.0004799999999999995,0.0007999999999999995,0.0005999999999999998
2016-02-29,0.00257642857142857,0.0024999999999999996,-0.00024000000000000063,4.4261904761901116e-05,0.0027500000000000007,0.0015400000000000001,0.0028010000000000014,-0.00033157894999999785,-0.0,0.0005999999999999998,0.0014000000000000002,0.002412,-0.005200000000000003,0.0024100000000000007,0.0025000000000000005,0.0006000000000000016
2016-03-31,1.4285714285719713e-05,0.0007999999999999995,0.00183,0.0017276190476190993,0.0005099999999999996,-0.00066,-0.0004020000000000013,0.001399999999999995,-0.0004999999999999987,0.0005999999999999981,0.001,0.0006880000000000002,0.003900000000000004,0.00036999999999999967,-0.0,0.0013999999999999985
2016-04-30,0.0003714285714285701,-0.0,-0.0006699999999999987,0.0003723809523809001,-0.0007500000000000002,-0.0014200000000000003,-0.000253999999999999,-0.0006285714299999988,9.999999999999766e-05,0.0002999999999999999,0.0006999999999999992,0.0007759999999999998,-0.0029000000000000033,0.0011200000000000003,0.0007000000000000001,-9.99999999999994e-05
2016-05-31,1.4285714285709955e-05,-0.0,-0.0008400000000000022,-0.0005297619047618992,0.00011000000000000029,0.0005300000000000001,0.0003220000000000011,-0.0008714285699999991,0.00040000000000000105,-0.0009999999999999974,-0.0,0.0001299999999999999,-0.0001999999999999988,-0.0001799999999999996,9.99999999999994e-05,0.00020000000000000052
2016-06-30,0.001496753246753248,0.0012000000000000001,0.0007299999999999997,0.0008654545454544992,0.00134,0.0021000000000000003,0.002260999999999999,-0.0006999999999999992,0.0025000000000000005,0.0023,0.0012000000000000005,0.000389,-0.0005000000000000004,0.0018899999999999993,0.0012000000000000005,0.0007999999999999995
2016-07-31,0.0013746753246753221,0.0022,0.00226,0.0031085930735931,0.0018800000000000002,0.0003500000000000005,0.003536000000000001,0.002214285709999996,0.0034999999999999996,0.0020999999999999994,0.0023,0.001694,0.0013999999999999985,0.0015200000000000003,0.0021000000000000003,0.0029000000000000007
2016-08-31,-0.00022546583850931016,0.0002000000000000001,0.0005100000000000018,0.0015479089026914986,0.00035,-0.0008100000000000008,0.0021479999999999997,0.001785714290000004,0.0007000000000000001,-0.001100000000000002,0.0005,0.0005149999999999998,0.0015000000000000013,0.00035,0.0006,0.0006999999999999992
2016-09-30,-0.0004764822134387389,-0.0002999999999999999,-0.0008999999999999998,-0.00026604743082999857,-0.00033999999999999997,0.0005999999999999998,-0.0008220000000000007,-0.001400000000000002,-0.0012000000000000001,-0.001599999999999999,-0.0002999999999999999,-0.0004159999999999999,-0.003499999999999996,0.00023999999999999995,-0.0002000000000000001,-0.00019999999999999966
2016-10-31,-0.0008609090909090911,-0.0015,-0.0018399999999999996,-0.00031709956709960116,-0.00095,-0.0015999999999999999,-0.002537000000000001,-0.0015999999999999973,-0.00019999999999999966,-0.0011000000000000003,-0.0009000000000000002,-0.0009229999999999998,-0.0007000000000000062,-0.00118,-0.0009000000000000001,-0.0008000000000000004
2016-11-30,-0.00187090909090909,-0.0034000000000000002,-0.00493,-0.0035119913419913006,-0.0022900000000000004,-0.00232,-0.0030379999999999973,-0.004,-0.0019000000000000002,-0.002400000000000001,-0.002999999999999999,-0.0025090000000000004,-0.001799999999999996,-0.0019200000000000003,-0.0023999999999999994,-0.0035000000000000005
2016-12-31,-0.0006281385281385304,-0.0007999999999999995,0.0005700000000000011,-0.00012848484848490029,-0.00051,5.000000000000013e-05,-0.0005180000000000011,-0.0013000000000000025,-0.0017999999999999995,-0.0017999999999999995,-0.0004000000000000002,-0.0004289999999999997,-0.0023000000000000034,-0.00065,-0.0005000000000000004,0.00010000000000000113
2017-01-31,9.956709956709942e-06,-0.0011000000000000003,-0.0010500000000000023,-0.00029651515151509975,-0.0004499999999999999,-0.0006300000000000001,0.00013300000000000117,-0.0013999999999999985,-0.00040000000000000105,0.0007000000000000027,-0.0008999999999999998,-0.0003600000000000001,-0.0020999999999999977,0.00016000000000000042,-0.0004000000000000002,-0.0014999999999999996
2017-02-28,-7.09090909090898e-05,-0.0017000000000000001,-0.0036099999999999986,-0.002366818181818199,-4.99999999999997e-05,0.00141,0.0011449999999999984,-0.0013000000000000025,-9.99999999999994e-05,-0.0005000000000000004,-0.0017000000000000001,-0.00019399999999999973,-0.000899999999999998,0.0003899999999999997,-0.00019999999999999966,-0.000700000000000001
2017-03-31,-0.00090260869565217,9.99999999999994e-05,-0.0004899999999999974,-0.00014521739130430103,9.999999999999593e-06,-0.00113,0.001118000000000001,0.0015000000000000013,-0.0002999999999999999,-0.00030000000000000165,-0.0,-2.5000000000000716e-05,0.0004999999999999935,0.0014500000000000001,9.99999999999994e-05,9.99999999999994e-05
2017-04-30,0.0012270531400966102,0.0014000000000000002,0.0014399999999999968,0.0009974396135264997,-0.0001299999999999999,-3.9999999999999996e-05,0.0011509999999999992,0.0023999999999999994,0.0012000000000000005,0.0016000000000000007,0.0008999999999999989,0.0010210000000000002,0.0022000000000000075,-0.00356,0.0013000000000000004,0.0014000000000000002
2017-05-31,-0.0011080808080807998,0.0006999999999999992,0.0006299999999999986,0.0004936868686869003,-0.0009099999999999994,0.0004899999999999999,-0.0003859999999999992,0.0006999999999999992,9.999999999999853e-05,0.0001999999999999988,0.00010000000000000026,-0.0016139999999999991,0.004799999999999999,-0.0008999999999999998,-0.0010999999999999998,0.0008000000000000004
2017-06-30,0.0008588744588744596,0.0015000000000000013,0.0014100000000000015,0.0011609090909090996,0.0008599999999999997,-0.0012,0.00032899999999999943,0.0016000000000000042,0.0010000000000000009,0.0005999999999999998,0.0015000000000000005,0.0009699999999999995,0.003199999999999998,0.0010599999999999993,-0.000700000000000001,0.0013000000000000008
2017-07-31,-0.00205238095238096,-0.0017999999999999995,-0.0017800000000000003,-0.0014549134199133996,-0.00185,-0.00085,-0.0018670000000000006,-0.0011000000000000038,-0.002,-0.0015999999999999973,-0.0021000000000000003,-0.001745,-0.0005999999999999964,-0.0014400000000000003,-0.001999999999999999,-0.0017000000000000001
2017-08-31,0.0010962732919254704,0.0013,0.0012100000000000027,0.0011294588744588004,0.0014599999999999995,0.0017399999999999998,0.0014719999999999994,-0.00030000000000000165,0.0002999999999999999,0.0006999999999999958,0.001,0.0012300000000000002,0.001999999999999995,0.0012700000000000003,0.0010999999999999994,0.0013999999999999993
2017-09-30,-1.0559006211179837e-05,0.00010000000000000026,9.999999999996123e-06,-0.0005642207792206991,0.00010000000000000026,-0.00131,-0.0011949999999999999,0.0007000000000000062,0.00010000000000000026,0.00030000000000000165,0.0003000000000000008,0.0001510000000000001,0.0020000000000000018,0.0003600000000000001,0.000700000000000001,0.0003000000000000008
2017-10-31,-0.00025357142857143026,-0.001100000000000002,0.0003500000000000031,-0.0007339610389611,-9.000000000000067e-05,0.00046,-0.0013799999999999993,-0.0011999999999999997,-0.0026000000000000007,-0.0006999999999999992,9.99999999999994e-05,-0.0001510000000000001,0.003100000000000002,-0.00021000000000000012,-0.00010000000000000026,0.0003999999999999993
2017-11-30,0.0006431818181818201,0.0009000000000000015,0.0028499999999999984,0.001259090909090899,0.0007300000000000006,0.00023999999999999998,0.0005170000000000001,-0.00010000000000000286,0.0012000000000000005,0.0006999999999999992,0.0011000000000000003,0.0009170000000000003,0.0034000000000000002,0.0008900000000000002,0.0007000000000000001,0.0008000000000000004
2017-12-31,0.00011339712918659968,0.0004999999999999996,-6.0000000000001025e-05,0.00047141148325360177,0.00016000000000000042,0.00042,0.0005179999999999994,0.0011999999999999997,0.0004000000000000002,0.0001999999999999988,0.0004999999999999996,0.00011799999999999918,0.0014999999999999979,0.00032000000000000084,0.00019999999999999966,0.0003999999999999993
2018-01-31,-0.0017770334928229698,-0.0018000000000000004,-0.0018899999999999993,-0.00032232057416270096,-0.0015900000000000003,-0.00198,-0.00115,-0.0005000000000000004,-0.0013000000000000008,-0.0016999999999999967,-0.0016999999999999993,-0.0016649999999999998,-0.00020000000000000226,-0.0015700000000000002,-0.0017000000000000001,-0.003726
2018-02-28,-0.0018445454545454503,-0.001299999999999999,-0.0009699999999999986,-0.0004393636363636006,-0.0015000000000000005,-0.00013000000000000012,-0.002102999999999999,-0.0006999999999999992,-0.0005999999999999998,-0.0023999999999999994,-0.002700000000000001,-0.0016649999999999998,-0.001799999999999996,-0.0020500000000000006,-0.0016999999999999993,-0.002201999999999999
2018-03-31,0.001294761904761901,0.0014999999999999996,0.0011599999999999978,0.0016818095238095004,0.0013500000000000005,0.00062,0.000954,0.0011999999999999997,0.0014000000000000002,-0.00010000000000000286,0.0010000000000000009,0.00022299999999999924,0.0023999999999999994,0.0013,0.0011999999999999997,0.0012719999999999988
2018-04-30,0.0004952380952380998,0.0004999999999999996,0.0019200000000000016,0.0013131904761905008,-0.0006399999999999999,-0.0006599999999999999,-2.8000000000000247e-05,0.0020999999999999977,0.0006000000000000007,0.0006000000000000033,0.0005999999999999981,0.0005090000000000008,0.001299999999999999,0.0008900000000000002,0.0002999999999999999,0.000621
2018-05-31,0.00029999999999999905,-0.00010000000000000026,-0.004070000000000001,-0.0016751818181818014,0.0001899999999999992,0.0012799999999999999,9.200000000000007e-05,-0.0017000000000000001,0.0004999999999999996,0.0003999999999999976,-0.0001999999999999988,1.8999999999999052e-05,-0.0017999999999999995,0.0003499999999999996,-9.99999999999994e-05,-0.0003859999999999992
2018-06-30,0.0012285714285714304,0.00040000000000000105,-0.005640000000000003,0.00012913419913419995,0.001060000000000001,3.9999999999999996e-05,0.0007869999999999995,0.00020000000000000573,0.0010999999999999994,0.0006999999999999992,0.0003999999999999993,0.0005420000000000008,-0.00030000000000000165,0.0011100000000000007,0.0006999999999999992,0.0005809999999999999
2018-07-31,0.0005259740259740205,0.0007999999999999995,0.001010000000000004,0.0005535930735931019,0.0009100000000000002,-0.00054,0.0004900000000000009,0.0003999999999999976,0.0004000000000000002,0.0005999999999999998,0.0011000000000000003,0.001104,0.0011000000000000003,0.0008699999999999997,0.001,0.0009690000000000011
2018-08-31,-0.00016324110671936008,-0.00029999999999999905,-0.005180000000000001,-0.000548458498023801,9.999999999999593e-06,0.00074,-0.0002520000000000005,0.0002999999999999947,-9.99999999999994e-05,-9.99999999999994e-05,-0.00029999999999999905,-1.3000000000000858e-05,-0.0005999999999999998,-6.000000000000016e-05,-0.0003000000000000008,-0.0003470000000000018
2018-09-30,-0.0007963043478260903,-0.000700000000000001,0.0020199999999999975,-0.0006940869565217004,-0.0007800000000000003,-0.00145,-0.001032,-0.0010000000000000009,-0.0008000000000000004,-0.001299999999999999,-0.0006000000000000007,-0.0006809999999999993,-0.0005999999999999964,-0.0003899999999999997,-0.0009999999999999992,-0.0007089999999999996
2018-10-31,-0.00028590909090909014,-0.0004999999999999987,-0.005099999999999997,-0.0013176521739129976,-0.0003099999999999995,0.00042,-0.00043900000000000015,0.00020000000000000573,-0.0007000000000000001,-0.0010000000000000009,-0.0008000000000000004,-0.00022099999999999984,-0.0008000000000000021,-0.0005299999999999997,-0.0007000000000000001,-0.0007550000000000005
2018-11-30,0.0008500000000000005,0.000599999999999999,0.000789999999999999,-8.84387351779009e-05,0.0006399999999999991,0.0008599999999999999,0.0009209999999999999,0.00030000000000000165,0.0007000000000000001,0.0005999999999999998,0.0003999999999999993,0.0006740000000000001,0.0005000000000000004,0.0008199999999999995,0.0007000000000000001,0.000255
2018-12-31,0.0012703208556149696,0.0006000000000000007,0.0041499999999999974,0.0015619856459329982,0.00117,0.00139,0.0014160000000000006,0.0024999999999999988,0.0013000000000000008,0.0011000000000000003,0.0006000000000000016,0.0010029999999999996,0.0019999999999999983,0.00102,0.0010999999999999994,0.0007369999999999998
2019-01-31,0.0005433155080213901,0.0004999999999999987,0.002050000000000003,0.0004743779904306019,0.0006900000000000005,0.00056,-9.60000000000006e-05,0.0016000000000000007,0.0003999999999999993,0.0005000000000000004,-0.00020000000000000052,0.0006780000000000007,0.00040000000000000105,0.0008100000000000002,0.0006000000000000007,-0.0002609999999999991
2019-02-28,0.0007722727272727298,0.001,-0.00042000000000000023,0.000978227272727299,0.0009600000000000003,0.0002599999999999998,0.0008309999999999984,0.000899999999999998,0.0007000000000000001,0.0006999999999999992,0.0008000000000000004,7.000000000000062e-06,0.0011999999999999997,0.00099,0.0010999999999999998,0.0009149999999999991
2019-03-31,0.00044547619047619004,0.0011000000000000003,0.0012199999999999989,0.001540928571428601,0.0008599999999999997,0.00116,0.0004900000000000026,-0.0005999999999999998,0.0007000000000000001,0.0005000000000000004,0.0014999999999999996,0.0007469999999999998,0.0023,-0.0010900000000000003,-0.00010000000000000026,0.001753000000000001
2019-04-30,0.00050452380952381,0.0007000000000000001,0.0007200000000000019,0.0006455714285713982,-0.0004500000000000001,-0.0008499999999999996,-6.000000000002531e-06,-9.99999999999994e-05,-0.0008790000000000004,-0.0005000000000000004,0.000700000000000001,0.0006229999999999994,0.0014000000000000002,0.0008100000000000002,0.0005,0.0010869999999999994
2019-05-31,0.0009504545454545499,0.0007000000000000001,-0.0002600000000000033,0.0018261818181818205,0.0008500000000000001,0.00178,0.0006060000000000024,0.0003999999999999976,0.0016260000000000003,0.0005000000000000004,0.0005999999999999998,0.0007620000000000005,0.001599999999999999,0.00038,0.0009000000000000002,0.000601
2019-06-30,0.0018071770334928206,0.0022,0.0036000000000000025,0.0038028181818181798,0.00202,0.00036999999999999967,0.002109999999999999,0.003700000000000002,0.001701,0.0023,0.0025999999999999994,0.00208,0.004300000000000001,0.00261,0.002,0.002331
2019-07-31,0.0007299771167047996,0.0015,0.0063,0.0014426956521739103,0.0011399999999999997,0.001720000000000001,0.0008859999999999996,0.0022000000000000006,0.000244,-9.99999999999994e-05,0.0015,0.001338,0.0014999999999999996,0.0009099999999999998,0.0014,0.001309
2019-08-31,0.0026083003952569205,0.0027,0.0025000000000000005,0.0021335770750988197,0.00293,0.0032099999999999993,0.0025280000000000007,0.0020000000000000018,0.0030919999999999997,0.0029,0.0028000000000000004,0.0027,0.0027,0.00271,0.0026,0.00186
2019-09-30,-0.00054329004329004,-0.0007000000000000001,0.005019999999999998,-0.00041608225108225017,-0.0007200000000000002,-0.0027500000000000007,-0.00020499999999999945,-0.0009000000000000015,-0.0005689999999999996,-0.0005999999999999998,-0.0004000000000000006,-0.0007129999999999997,-0.0002999999999999999,0.00011999999999999945,-0.0004999999999999996,-0.00040100000000000004
2019-10-31,-0.001252164502164501,-0.0011,-0.00102,-0.00019140786749483009,-0.0011299999999999995,-0.0018899999999999993,-0.00039200000000000085,0.0005999999999999998,-0.0007170000000000002,-0.0005000000000000004,-0.0007999999999999997,-0.0010500000000000002,0.00010000000000000005,-0.0015899999999999994,-0.0009000000000000002,-0.000265
2019-11-30,-0.0011716450216450293,-0.0014,-0.002619999999999999,-0.0018243064182194599,-0.00122,0.0006899999999999996,-0.0012770000000000004,-0.000899999999999998,-0.001583,-0.001899999999999999,-0.0012000000000000001,-0.001113,-0.0015999999999999996,-0.0012000000000000001,-0.0013,-0.000561
2019-12-31,-0.00052936507936508,-0.0006000000000000001,-0.001040000000000001,-0.0005154761904761899,-0.00057,-0.0012399999999999998,-0.0006579999999999989,0.0001999999999999988,-0.0006860000000000001,-0.00020000000000000052,-0.0005,-0.000422,-0.0005999999999999998,-0.0005399999999999997,-0.0005,0.00034899999999999997
2020-01-31,0.00014191919191919962,0.0005,0.0009500000000000012,0.0001763636363636403,0.00035000000000000005,0.0024199999999999994,0.0010729999999999993,-0.0020000000000000018,-0.00038469999999999986,0.0008000000000000004,0.00039999999999999996,0.0004290000000000001,0.0003999999999999993,1.0000000000000026e-05,0.00040000000000000013,0.000332
2020-02-29,0.0015236363636363603,0.0017,0.0031999999999999997,0.0014466363636363596,0.00165,0.00134,0.0009050000000000004,0.001400000000000002,0.0015122,0.0003999999999999976,0.001,0.0017060000000000003,0.0012000000000000001,0.0015199999999999997,0.0015999999999999999,0.001353
2020-03-31,0.00075363636363636,-0.0013,-0.00596,-0.0023511818181818195,-8.99999999999998e-05,-0.004639999999999999,0.0017210000000000003,0.0028999999999999963,0.0012203,0.004200000000000001,-0.0010999999999999998,-0.0016360000000000003,-0.0046,-2.0000000000000052e-05,-0.0011,-0.001999
2020-04-30,-0.0009186363636363602,-0.0010999999999999998,-0.0024799999999999996,-0.0031238181818181807,-0.0010800000000000002,0.00119,0.001031999999999999,0.003400000000000002,-0.0009353,0.0023000000000000017,-0.0016000000000000003,-0.0013959999999999999,-0.0026000000000000007,-0.00199,-0.0014999999999999998,-0.0013249999999999998
2020-05-31,0.0006699999999999996,0.0009,0.0003699999999999988,0.0007389047619047601,0.0009399999999999999,-0.00016000000000000042,0.0008340000000000005,0.0010999999999999985,-0.00013466,0.0023,0.0010000000000000002,0.0014320000000000001,0.001599999999999999,0.0007799999999999999,0.0014999999999999998,0.0009399999999999999
2020-06-30,-0.0008221428571428598,0.00010000000000000005,0.00307,0.0023071861471861497,-0.00019000000000000006,-0.00031999999999999997,-3.7000000000000574e-05,0.00040000000000000105,-0.000667792,-0.0018000000000000013,0.0008,0.0003349999999999998,0.0028000000000000013,-0.00023999999999999976,0.0005000000000000002,0.00023700000000000001
2020-07-31,0.0008875776397515613,0.0011,0.0025900000000000003,0.0014048221343873507,0.0009800000000000004,0.0009000000000000006,0.0006860000000000004,-0.00020000000000000052,0.0007931220000000001,0.00040000000000000105,0.0013000000000000002,0.001176,0.0013,0.0007700000000000003,0.00039999999999999975,0.0013080000000000001
2020-08-31,2.8985507246285375e-06,0.0002000000000000001,0.001639999999999999,0.0007560869565217399,0.00020999999999999925,-0.001190000000000001,-0.0006229999999999999,0.00010000000000000113,-0.00032884000000000006,-0.0008000000000000004,0.00039999999999999975,0.0003150000000000006,0.0004000000000000002,0.00015999999999999955,0.0004000000000000002,0.000746
2020-09-30,7.5757575757609205e-06,0.00039999999999999975,0.0005100000000000018,0.00020318181818182023,0.0002900000000000003,0.0009000000000000006,-1.3000000000000424e-05,-0.00030000000000000165,0.00042258,0.0003999999999999993,0.0004000000000000002,0.00037399999999999977,0.00039999999999999975,0.0002800000000000003,0.0005,0.0001119999999999999
2020-10-31,0.0008318181818181792,0.0009000000000000002,0.002109999999999999,0.0011049999999999999,0.0008700000000000001,0.00018000000000000047,-0.00032799999999999973,0.0009000000000000015,-0.0005402499999999999,-0.00019999999999999966,0.0009000000000000002,0.0008059999999999999,0.0014000000000000002,0.0007299999999999997,0.0007999999999999999,0.0008929999999999999
2020-11-30,7.489177489177976e-05,0.0002000000000000001,0.0010600000000000002,0.0007608658008657989,0.00015000000000000083,-9.000000000000067e-05,-0.000778,0.0005999999999999998,-0.00028306,-0.0012000000000000005,0.00039999999999999975,0.00013399999999999957,0.0010999999999999998,2.0000000000000052e-05,0.0002000000000000001,0.00028600000000000023
2020-12-31,3.7380952380951064e-05,0.0002000000000000001,0.0008600000000000005,0.000519134199134199,9.99999999999994e-05,0.00016000000000000042,0.0006119999999999997,-0.0008999999999999998,-5.699e-05,-0.0011999999999999997,0.00010000000000000026,0.00011000000000000072,0.00040000000000000013,8.99999999999998e-05,9.99999999999994e-05,0.0003930000000000001
2021-01-31,-0.0003500000000000005,-0.00030000000000000035,-0.00038000000000000013,-0.000360681818181818,-0.00021000000000000012,-0.0007100000000000006,-0.00044800000000000005,0.0010000000000000009,-0.0006462700000000001,-0.0009999999999999992,-0.00030000000000000035,-0.00022900000000000004,-0.0,-0.00024999999999999935,-0.00031578946999999934,-0.0004850000000000002
2021-02-28,-0.0013800000000000002,-0.0015999999999999999,0.0002599999999999998,-0.0014730000000000001,-0.0014000000000000002,-0.00225,-0.0025499999999999997,-0.0012000000000000014,-0.0017705400000000001,-0.002700000000000001,-0.0015,-0.0020260000000000005,-0.0013000000000000002,-0.0016200000000000008,-0.00160751053,-0.001867
2021-03-31,-0.0008071739130434798,-0.0007999999999999999,-0.0011399999999999995,-0.0008405869565217402,-0.0006099999999999999,0.00038000000000000013,-0.002234,-0.0020999999999999994,-0.0015153999999999996,-0.0017999999999999995,-0.0017,-0.0010819999999999998,-0.0006999999999999999,-0.0025399999999999997,-0.0009382652200000002,-0.000827
2021-04-30,-0.00039782608695651967,-0.0006000000000000001,-0.0009300000000000003,-0.0005764130434782601,-0.00035000000000000005,-0.0005700000000000002,-5.9000000000000025e-05,-0.0002999999999999999,0.0002850000000000001,0.00040000000000000105,-0.0008,-0.000478,-0.0011999999999999997,-0.00031000000000000005,-0.0004464347799999999,-0.000544
2021-05-31,-0.0010150000000000003,-0.0021999999999999997,-0.0018700000000000001,-0.0014932142857142896,-0.0011,-0.0007599999999999998,-0.0005430000000000001,-0.002700000000000001,-0.0005102000000000001,-0.0005000000000000004,-0.0014,-0.001212,-0.0018000000000000004,-0.0010999999999999998,-0.0012829,-0.001552
2021-06-30,0.00065136363636364,0.0005999999999999998,0.001089999999999999,0.0007107142857142902,0.0004999999999999998,0.00066,0.0005090000000000008,0.00040000000000000105,0.0005963000000000001,-0.0,0.0006000000000000001,0.000574,0.001,6.999999999999997e-05,0.00066756667,0.000585
2021-07-31,0.0016272727272727203,0.0016,0.0012700000000000012,0.0011272727272727298,0.0014500000000000003,0.0017299999999999998,0.0015699999999999993,0.0017000000000000001,0.0018074999999999999,0.0023,0.0014999999999999998,0.0015310000000000002,0.0015999999999999999,0.00156,0.0007796060599999999,0.001478
2021-08-31,0.0008727272727272802,0.0010999999999999998,0.0011999999999999997,0.0011454545454545402,0.0009899999999999996,-0.00026000000000000025,0.0005389999999999995,9.99999999999994e-05,0.0007066999999999998,9.99999999999994e-05,0.0011000000000000003,0.0009480000000000001,0.0013,0.00106,0.0011942727200000003,0.0010969999999999999
2021-09-30,-0.0017590909090909102,-0.0015999999999999999,-0.00149,-0.0011204545454545404,-0.0014099999999999994,-0.0018099999999999995,-0.0015830000000000002,-0.002700000000000001,-0.0015950999999999997,-0.001899999999999999,-0.0015000000000000002,-0.0014900000000000004,-0.0011999999999999997,-0.00143,-0.00131190909,-0.001462
2021-10-31,-0.0015844155844155906,-0.0016,-0.0017799999999999995,-0.0014072727272727297,-0.0016100000000000003,-0.0012000000000000001,-0.0028069999999999987,-0.007599999999999999,-0.0011094999999999998,-0.002556666666666702,-0.0015,-0.001597,-0.0013000000000000004,-0.0011,-0.0016274784700000002,-0.0015499999999999997
2021-11-30,0.0010935064935065002,0.001,-0.0005500000000000001,-5.681818181818045e-05,0.0009000000000000002,0.0018800000000000002,0.0014359999999999998,-0.004900000000000002,0.0011386999999999994,0.0006788888888889025,0.0009,0.0009249999999999999,-0.0,0.00091,0.00074584211,0.000348
2021-12-31,0.0007064935064935002,0.0005,-0.00037000000000000054,0.0006336363636363605,0.0005,-0.00107,0.001018999999999999,-0.002100000000000001,0.0012876000000000003,-0.0009922222222222034,0.00040000000000000013,0.000367,0.00030000000000000035,0.00088,0.0006613999999999999,0.0008779999999999999
2022-01-31,-0.00269523809523809,-0.0026,-0.0029900000000000013,-0.00251205627705628,-0.0022,-0.0017200000000000002,-0.0036760000000000004,-0.006699999999999998,-0.0022232,-0.0020288888888888995,-0.0023,-0.002268,-0.0021999999999999997,-0.00196,-0.0024093,-0.002805
2022-02-28,-0.0026476190476190497,-0.0037000000000000006,-0.00448,-0.0044762619047618996,-0.0033499999999999997,-0.00218,-0.0028400000000000005,0.0005000000000000004,-0.0024574999999999996,-0.002091111111111099,-0.0033,-0.003578,-0.0048000000000000004,-0.00344,-0.0033173000000000005,-0.003948
2022-03-31,-0.0013173913043478297,-0.001,-0.0005999999999999998,-0.001131978260869599,-0.0010600000000000006,-0.004140000000000001,-0.0005659999999999988,-0.008800000000000002,-0.0021443,-0.004124999999999997,-0.002000000000000001,-0.001816,-0.0009999999999999992,-0.0010699999999999998,-0.002049973909999999,-0.0015420000000000008
2022-04-30,-0.004645766590389011,-0.005,-0.005819999999999999,-0.004641258581235701,-0.005109999999999998,-0.0014699999999999982,-0.0029049999999999996,-0.011299999999999998,-0.0065106,-0.00162,-0.0051,-0.0056500000000000005,-0.006000000000000002,-0.00475,-0.004611826090000002,-0.004727999999999998
2022-05-31,-0.002064114832535889,-0.0023999999999999994,-0.005540000000000003,-0.003618899521531098,-0.0020000000000000018,0.000449999999999999,-0.0007069999999999993,-0.0068000000000000005,-0.0029411000000000003,0.0005124999999999956,-0.0028000000000000004,-0.0025059999999999995,-0.0038000000000000013,-0.0025800000000000007,-0.0027496190500000007,-0.002253999999999999
2022-06-30,-0.004922727272727271,-0.0054,-0.006449999999999997,-0.005971363636363601,-0.007649999999999997,-0.0037,-0.004755000000000002,-0.0049999999999999906,-0.0009745999999999991,-0.004834999999999999,-0.005499999999999998,-0.005344,-0.005099999999999997,-0.005369999999999998,-0.006203142849999999,-0.005015000000000002
2022-07-31,0.0036309523809524014,0.0034999999999999996,0.0027599999999999986,0.0031526190476189944,0.003519999999999997,0.0062900000000000005,0.0023700000000000006,0.007699999999999985,0.0033046999999999972,0.002163214285714303,0.0032999999999999974,0.0036929999999999984,0.0039000000000000007,0.002489999999999999,0.0035841904700000017,0.0038520000000000013
2022-08-31,0.00047556935817799975,0.00020000000000000226,0.0006200000000000025,0.001573685300207104,0.000530000000000001,-0.002660000000000001,-0.0018239999999999992,0.005700000000000011,-0.0007433999999999982,-0.004265714285714303,0.0009000000000000015,0.00021200000000000385,0.0009999999999999974,0.002109999999999999,0.0008895279499999999,0.0003109999999999988
2022-09-30,-0.007611067193675901,-0.0072000000000000015,-0.00841,-0.007761758893280603,-0.007279999999999998,-0.003769999999999999,-0.011729000000000003,-0.004800000000000013,-0.004700600000000003,-0.0008200000000000013,-0.0074,-0.007790000000000002,-0.007300000000000001,-0.008250000000000002,-0.007964592880000003,-0.007053
2022-10-31,-0.0039121212121212,-0.003599999999999999,-0.003939999999999999,-0.0036214502164502935,-0.003780000000000002,0.0004299999999999981,-0.006088999999999997,-0.015399999999999997,-0.001200199999999995,-0.0017887499999999987,-0.0038999999999999972,-0.004569000000000004,-0.003699999999999995,-0.0039900000000000005,-0.004738744589999996,-0.002912999999999999
2022-11-30,0.001203030303030303,0.001899999999999999,0.0028899999999999967,0.002091904761904795,0.0016900000000000005,0.000650000000000003,0.006925000000000001,0.0058,0.0018717999999999964,0.004740000000000001,0.001899999999999999,0.0021300000000000034,0.002399999999999996,0.00221,0.0020387445899999954,0.001752
2022-12-31,-0.0001887445887446028,-0.00040000000000000105,-0.0001399999999999943,-6.0000000000001025e-05,-0.0007799999999999994,-0.005100000000000002,-0.0008439999999999975,0.0063,0.00035530000000000284,-0.00013013888888890185,-0.0005000000000000039,-0.00036900000000000127,-0.0007999999999999986,0.0009300000000000003,0.0028136363600000033,-0.0005210000000000006
2023-01-31,-0.0010748917748917008,-0.0006999999999999992,0.0001399999999999943,-0.0011163636363635994,-0.0007000000000000027,0.003080000000000001,-0.00010000000000000286,0.005900000000000009,-0.001086700000000003,0.0025143434343434037,-0.000899999999999998,-0.0006759999999999995,-0.00030000000000000165,-0.0014799999999999952,-0.003599999999999999,-0.0006840000000000006
2023-02-28,-0.0017777272727272954,-0.0017999999999999995,-0.00026999999999999247,-0.0016646363636363959,-0.0017899999999999965,-0.0018899999999999993,-0.0004380000000000009,-0.0015999999999999973,-0.002829999999999999,-0.002613454545454502,-0.0017000000000000001,-0.0023609999999999985,-0.0013999999999999985,-0.001120000000000003,-0.0017000000000000001,-0.002021999999999996
2023-03-31,-0.00012978260869570338,-0.0005000000000000004,0.0002999999999999947,-0.000539869565217406,-0.0008000000000000021,0.0021899999999999975,-8.500000000000174e-05,0.0003999999999999976,0.00013219999999999898,0.0017252727272726968,-0.0007999999999999986,-0.00016000000000000042,-0.0,-6.0000000000001025e-05,-0.00040000000000000105,2.9999999999960614e-06
2023-04-30,0.0002403381642513032,0.00020000000000000226,5.9999999999997555e-05,0.0003492028985507059,0.00039000000000000146,0.0014700000000000008,-0.0008649999999999977,0.0006999999999999923,-0.0002010999999999992,-0.0020235227272726967,-0.00020000000000000226,0.0003119999999999963,0.0006999999999999992,-0.0004599999999999986,0.0001999999999999988,0.0008519999999999986
2023-05-31,0.0001717171717170972,-0.00040000000000000105,-0.0007899999999999921,-5.56060606059991e-05,-9.000000000000327e-05,0.002320000000000001,-0.0031179999999999958,0.0014000000000000054,0.0004903000000000025,-0.0015337500000000004,0.00020000000000000226,-3.199999999999384e-05,0.0003999999999999976,0.0005799999999999972,-0.0001999999999999988,-0.00014799999999999536
2023-06-30,-0.00034090909090910004,9.999999999999593e-05,0.0023899999999999963,9.499999999999786e-05,-0.00021999999999999797,-0.0011800000000000005,-0.004038,0.0001999999999999988,-0.0014094000000000016,-0.002375000000000002,-9.99999999999994e-05,-0.00013400000000000564,0.0007000000000000062,-0.00031999999999999737,-0.0001999999999999988,8.099999999999774e-05
2023-07-31,-0.000803030303030302,-0.0010999999999999968,-0.0008300000000000043,-0.0009315367965367985,-0.000899999999999998,-0.0001299999999999999,-0.0007129999999999984,0.003500000000000003,-0.0005696,-0.0010266666666666965,-0.000900000000000005,-0.0007979999999999966,-0.0014000000000000054,-0.0016700000000000013,-0.0006999999999999992,-0.0012100000000000027
2023-08-31,-0.0008898550724636967,-0.0006999999999999992,-0.0006399999999999947,-0.0008983643892340049,-0.0007699999999999999,0.00027000000000000114,-0.0009260000000000032,-0.00030000000000000165,-0.0023037000000000023,-0.0009733333333333052,-0.0007999999999999952,-0.0005519999999999969,-0.0007999999999999952,-0.0010499999999999989,-0.0008000000000000021,-0.0006539999999999983
2023-09-30,-0.0011577639751553029,-0.001300000000000006,-0.002919999999999999,-0.0013368737060040978,-0.0011900000000000036,-0.0013500000000000005,0.0010989999999999958,-0.000899999999999998,-0.0013576999999999999,-0.0012021428571428946,-0.0010000000000000009,-0.0011410000000000031,-0.0014000000000000054,-0.0011099999999999999,-0.0010000000000000009,-0.0012260000000000014
2023-10-31,-0.0016175324675325002,-0.0020999999999999977,-0.003720000000000001,-0.0023032251082251015,-0.0017099999999999997,0.0004099999999999989,-0.0014959999999999973,-0.0016000000000000042,-0.0013582999999999998,-0.0008071428571428049,-0.0020000000000000018,-0.001913999999999999,-0.0013999999999999985,-0.0017899999999999965,-0.0022000000000000006,-0.0018489999999999965
2023-11-30,0.0022181818181817997,0.002600000000000005,0.004569999999999998,0.002918181818181799,0.0025699999999999994,0.0022400000000000007,0.0029739999999999975,0.0030000000000000027,0.0026878000000000006,0.003458571428571401,0.0029,0.0027489999999999945,0.0029,0.0026499999999999996,0.002700000000000001,0.0026289999999999994
2023-12-31,0.004992583732057503,0.0053999999999999986,0.006069999999999999,0.005184090909090902,0.00528,0.00166,0.0040989999999999985,0.0032999999999999974,0.005467400000000004,0.003809880952381002,0.005299999999999999,0.005304000000000003,0.0045000000000000005,0.005069999999999995,0.0052,0.005441999999999999
2024-01-31,-0.0007244019138755997,-0.0009000000000000015,0.00010000000000000286,-0.00044954545454550104,-0.000839999999999997,-0.0017400000000000002,-0.0006969999999999962,-0.00030000000000000165,-0.00022470000000000476,-0.003399166666666696,-0.0010999999999999968,-0.0007929999999999986,-0.0011999999999999997,-0.00041999999999999676,-0.0011999999999999962,-0.001342000000000003
2024-02-29,-0.001573593073593102,-0.0011000000000000003,-0.0006099999999999994,-0.0008656926406925974,-0.0013699999999999997,2.000000000000092e-05,-0.001911000000000003,-0.0011999999999999997,-0.0019932000000000005,-0.0018719230769231043,-0.001400000000000002,-0.0013330000000000009,-0.0009000000000000015,-0.0007200000000000019,-0.0008459999999999995,-0.0018139999999999996
2024-03-31,-0.00017595238095239815,0.00030000000000000165,0.0017599999999999977,0.0008292380952380982,0.00026999999999999594,0.0018899999999999993,0.000899999999999998,-0.0004000000000000045,0.0003400000000000035,0.0016056730769231017,0.00040000000000000105,0.000394000000000002,0.00040000000000000105,0.0008200000000000048,0.00035239999999999924,0.0002640000000000038
2024-04-30,-0.0009621428571429044,-0.0015000000000000013,-0.0015999999999999973,-0.000919238095238098,-0.0010199999999999966,-0.0005399999999999997,-0.0018419999999999964,-0.002699999999999994,-0.001170499999999998,-0.0018154166666667013,-0.0009999999999999974,-0.0013260000000000008,-0.0011000000000000003,-0.0008700000000000027,-0.0009448761900000026,-0.0013380000000000024
2024-05-31,-0.0007383116883115971,-0.0005999999999999964,0.00011999999999999511,-0.00017389233954449856,-0.0011100000000000033,-0.0022200000000000006,-5.7000000000001494e-05,-0.0,0.001366699999999995,0.0009279166666667019,-0.0005000000000000039,-0.0002999999999999982,-0.00030000000000000165,-0.00042000000000000023,-0.0006099047600000018,-0.00026299999999999935
2024-06-30,0.0003504545454544976,-0.0012000000000000031,-0.0009800000000000017,-0.0005713695652174028,7.000000000000062e-05,0.00356,0.0005850000000000091,-0.0006000000000000033,0.0011876999999999999,0.0015842499999999954,-0.0005999999999999998,-0.00022300000000000444,-0.0002999999999999947,4.000000000000184e-05,-0.00045435588999999735,-0.0001460000000000003
2024-07-31,0.0002623913043478046,9.999999999999593e-05,0.001120000000000003,0.0007565869565216987,0.0005700000000000011,0.0010899999999999998,0.0002579999999999874,0.0008000000000000021,0.001294400000000001,-7.071739130429244e-05,0.0005999999999999998,0.0006080000000000044,0.000899999999999998,0.0006999999999999992,0.00048056293000000097,0.0007000000000000027
2024-08-31,0.002505335968379499,0.0020000000000000052,0.0014800000000000021,0.002093458498023802,0.0023399999999999983,-9.999999999999593e-06,0.0019420000000000062,0.003700000000000002,0.0019607999999999987,0.0024806719367587923,0.0023,0.002149999999999999,0.0022000000000000006,0.002489999999999999,0.00224962846,0.0022169999999999968
2024-09-30,0.00040584415584410047,0.00040000000000000105,0.0011699999999999974,0.0007537878787878018,0.0006200000000000025,0.00041000000000000064,0.00039100000000000246,-0.0002999999999999947,4.80000000000029e-05,-2.307359307349849e-05,0.00040000000000000105,0.000730999999999999,0.0010000000000000009,0.0008500000000000001,0.0005964502099999949,0.0009130000000000006
2024-10-31,-0.0006242236024844028,-0.000900000000000005,0.0006400000000000017,0.0002805797101449979,-0.0006399999999999982,-0.00041000000000000064,-0.002940000000000005,-0.0029,-0.0011575000000000023,-0.0024262939958593008,-0.000499999999999997,-0.0005429999999999983,0.000499999999999997,9.99999999999994e-05,-0.0002946004099999948,-0.0004310000000000008
2024-11-30,-0.0007614906832298998,-0.000999999999999994,-0.00068,-0.0008801035196688012,-0.0003400000000000035,0.0016200000000000003,-0.0021709999999999993,-0.0006000000000000102,-0.00024389999999999828,-0.0012732298136645948,-0.0008000000000000021,-0.000283000000000002,-0.0005999999999999998,0.0003499999999999996,-0.0006619043500000026,-0.00037399999999999586
2024-12-31,0.0012682539682539982,0.0007999999999999986,0.002479999999999996,0.0016496904761905025,0.0011999999999999997,-0.0002800000000000003,-0.00018099999999999367,-0.0006999999999999992,-0.0003407000000000028,0.0006982539682539937,0.0012000000000000031,0.001518000000000002,0.0011000000000000003,0.001570000000000002,0.0016797764700000016,0.001355999999999996
