Date,BZ,CL,GC,HG,NG,SB,SI,ZC,ZS,ZW
2005-02-28,,,,,,,,,,
2005-03-31,,,,,,,,,,
2005-04-30,,,,,,,,,,
2005-05-31,,,,,,,,,,
2005-06-30,,,,,,,,,,
2005-07-31,,,,,,,,,,
2005-08-31,,,,,,,,,,
2005-09-30,,,,,,,,,,
2005-10-31,,,,,,,,,,
2005-11-30,,,,,,,,,,
2005-12-31,,,,,,,,,,
2006-01-31,,-0.7463115924860141,0.134503539975995,0.456465500483024,0.5247156536207908,0.27816158527882195,-0.3652405902965098,-0.24072648631370333,0.4522083898930938,0.5715284810293613
2006-02-28,,-0.35727178301775747,0.3743077854443733,0.2503305963149551,0.2369197519279694,0.4987129082375813,-0.02356850699611326,-0.1869660339632117,-0.40165597740877257,0.4813570897712631
2006-03-31,,-0.3692537092509097,0.12963128204217303,0.4798599023423192,0.30956359816842643,0.3718667313149394,0.03367872444996244,-0.33134307897138066,-0.24098947763731599,0.524919205608437
2006-04-30,,-0.7405059590200558,0.09833046818208208,2.050217561596206,0.2757960925783938,0.2737517580707451,-0.2000007812529924,-0.5083356428298885,-0.4144595298504999,0.42913598219957894
2006-05-31,,-0.5415629764024296,0.336581795854333,1.8592478967968278,0.26782062854124233,-0.023644001703730565,-0.05647749315401503,-0.4934439101257254,-0.8570217682485187,0.3535164344049447
2006-06-30,,-0.4458859857506924,0.32996912759852787,1.2141549654823898,0.4839312841191518,0.11612667687003357,-0.3099568915256433,-0.4465749817458927,-1.182179407565995,0.3748238144360456
2006-07-31,,-0.24740315279557198,0.14912461613386388,1.342102114319017,0.4614755942923012,0.312303282646123,-0.3348776617649629,-0.45385329841470096,-0.9853992842276917,0.2138036680357732
2006-08-31,,-0.06200436145612349,0.20079674925927962,1.224842402767282,0.37284848770895584,-0.3661072413700371,-0.7447125708355807,0.8503817370931276,0.9828660631597191,0.1061484644269745
2006-09-30,,-0.08305954499027107,0.49244295798396887,1.3301166056831348,0.6327394384254165,-0.023082178695385015,-0.40863146601775624,0.6335729509216558,0.7360431204610238,-0.0032062497030727007
2006-10-31,,-0.05087437990760568,0.4268025587067678,1.3757009905290138,0.4501705603963687,-0.07910172246375584,-0.5546768615355835,0.7459944852318879,1.3824852212625487,-0.2283812093592677
2006-11-30,,-0.3838421236084005,0.403838224196459,1.5808307955571217,0.3145260621414396,-0.04980742783070837,-0.5733261010192543,0.40726512034299805,0.8831558481716211,-0.4656165795406946
2006-12-31,,-0.07732442971153047,0.685792076249724,1.442412541286906,0.25806450255252644,0.15011874555956117,-0.2540463212534446,0.7548749999254347,1.3227673490772194,-0.1712319438152995
2007-01-31,,0.12965923848272728,0.8997274917494691,1.4642169635699778,-0.10908214681221112,-0.4733842832248246,-0.15458854906284109,0.7024920912017338,0.9818750435320243,-0.14574576390572033
2007-02-28,,-0.18052469820336225,0.6881286492047922,1.264660500782247,-0.1823954054568443,-0.6754106641818314,-0.304678959423664,0.6655562483936643,0.5800086464534758,0.07361204926636612
2007-03-31,,-0.232791483255208,0.9546802806998385,1.236742560413404,-0.16470094908543045,-0.32910914144551645,-0.029754543769760833,0.10340099446390705,0.5802441487210634,-0.017809599748120884
2007-04-30,,-0.1388983165855818,0.20865925743606786,0.3363323455817614,-0.32237239560660247,-0.2536432478967283,-0.00014721681019491507,0.19558266885523523,0.6881144268566495,-0.2873580499127279
2007-05-31,,-0.04876998963596777,0.24391784919592424,0.7264175462324435,-0.3755938291373666,-0.5712339796608022,-0.1843402848546977,0.10224119018261864,0.29181296612659585,-0.4649210833505135
2007-06-30,,0.13330636861282488,0.3965323483746194,0.5137717824341058,-0.2495968140286514,-0.4794663859627806,-0.047317252687061294,-0.27966853715672535,0.16626621320980634,-0.7278457571521395
2007-07-31,,0.03641190109741866,0.42063328545431905,0.466199348614376,-0.12127607859349898,-0.3243987938634923,-0.07677769393095536,-0.2090622385523095,0.162142944479484,-0.7439297407636285
2007-08-31,,0.0342621620126787,0.24552746301461287,0.48745210716879545,-0.020070205139021222,0.38786577726613064,0.15293316534387377,-0.26924006204212475,0.24548228728995475,-0.22310550054673534
2007-09-30,,-0.05922551890234821,0.9077449442031259,0.2651513686386788,-0.27376792633657954,0.14253647305005127,0.145624132929069,-0.26009028456200534,-0.012660456780714353,-0.02815914835577593
2007-10-31,,-0.12383907294163653,0.5236923441182603,0.2841850196080843,-0.4989496960980389,0.17299245103258584,0.21806943338794788,-0.38547756633873065,0.11345017303044101,-0.18954597711173277
2007-11-30,,0.15067152194020364,0.9640146764897235,0.27474555260554845,-0.1432587423262753,0.43573656607154354,0.421517208181025,-0.6558600243737555,0.166415283784316,-0.2747834858254126
2007-12-31,,-0.20266424608282185,0.5506752790239654,0.3139412456115773,0.4190508695096253,0.13634111574350422,0.15524389271141287,-0.30236195906095603,-0.19832851558389664,-0.3351363931680103
2008-01-31,,-0.19830288768831134,0.4237947705394481,0.03614876367207415,0.49504078772469,-0.09405007209108987,0.29761781740055887,-0.4005212236427203,-0.2487264017449283,-0.5879614905293472
2008-02-29,,-0.2818975094392753,0.25303393533190977,0.10544646669727697,0.13431036410077513,-0.044161208868032736,0.29163210379678994,-0.45595350893872444,0.20983450327428801,-0.8606948198724004
2008-03-31,,-0.03390171489726413,-0.08439437263279519,0.35288260859806503,0.09585185708346668,-0.5050850533314679,-0.0720194065928345,-0.7261732965396296,-1.5975045432592503,-0.9705082316422013
2008-04-30,,-0.3618043978916049,0.004840140502821546,0.5767479759569812,-0.024364841202500945,-0.46546500869698454,0.05260397095951348,-1.0803046298173697,-2.0234478377119527,-0.6146604169582959
2008-05-31,,-0.765836731382857,-0.23034055619283111,0.5094946174677938,-0.17231779136695027,-0.2732940231128283,-0.016727504685725557,-0.815011592613092,-1.957905242255813,-0.3934891923164403
2008-06-30,,-0.7599671335792291,-0.5398194989583888,0.32326761378234936,-0.45687583323229625,-0.3796907482639641,-0.2548789446867455,0.64482683986196,-1.830393407170309,-0.3790783708415433
2008-07-31,-0.6244502084006213,-0.5632775936241284,-0.32073379416043474,0.6552299987996193,-1.436100761136229,-0.3673319197893141,-0.16102908699732912,-1.1564680149867332,-1.4498754097926607,-0.07074191339359054
2008-08-31,-0.6360939796349825,-0.5517151253751539,-0.4346032155397256,0.6297908417210986,-1.4058471909459422,-0.36561998821547254,-1.083317629674904,-1.0620467647117837,-1.1863113837528123,0.05176012373589649
2008-09-30,-0.4329274467760275,-0.2680747213427652,-0.534343440650569,0.42152848429924455,-1.3573952604632784,-0.26743451366636184,-0.7686090563140265,-0.6570953625962113,-0.8079113653047837,0.09096336726307763
2008-10-31,-1.502489038236092,-1.3560099116669517,-1.0178136029501215,-1.489621565894251,-1.2821539788214278,-0.09688878819412274,-0.42848465895446397,-0.46802691203939994,-0.519502334061703,-0.2008233198552297
2008-11-30,-1.0982415885805483,-1.0130821898087334,-0.8564296947746735,-1.4032310407648654,-1.5233570314414637,-0.127899238046128,-0.5564997529923774,-0.1790747798979233,-0.31855446562065776,-0.14167655587741723
2008-12-31,-0.7574698854595592,-0.6155817657638807,-0.8497870939765456,-1.1550653801756936,-1.1321703985453357,0.10045535046821659,-0.552431533986962,-0.21197704756742736,-0.3176410447901734,-0.13794846824730259
2009-01-31,-0.7863270019136189,-0.5744911108949374,-0.9009081062827458,-1.1999896743239233,-0.6620481364086211,0.15038836645194514,-0.6028751444526481,0.08523713157301539,-0.23596115408902602,0.12139543278276925
2009-02-28,-0.7992515722885243,-0.6106221442021649,-0.8373963467901226,-1.6730747900826461,-0.7032061084853409,0.17792449408829808,-0.8126159698736461,0.3994781217066507,-0.0603585663186688,0.29780978089741195
2009-03-31,-0.8221151260571566,-0.6113509390907995,-0.9878337952610133,-1.042926304195924,-0.5358674948555011,0.9126507470733851,-1.154108759381912,0.3234621457951819,-0.30339569480309525,-0.0829668613551916
2009-04-30,-0.8806354910780504,-0.6482285818039506,-1.0889430393616757,-0.9883116536874146,-0.3937990043706163,0.6010485210748463,-1.1328679166216524,0.48746939763861824,-0.27942774950758076,-0.36410408366561764
2009-05-31,-0.4432385682837699,-0.13615755185082723,-1.06479997642193,-1.1536518363573252,-0.20124642810586077,0.24498559162457742,-0.46395824214247305,0.314612834624117,-0.3126682751638916,-0.03403102465157523
2009-06-30,-0.44299384185260315,-0.11345428826415879,-0.7514755109982277,-1.1464991124760884,-0.5540666648446024,-0.00012769353625932892,-0.1505806535979403,0.4945733138800202,-0.45180209664139814,0.20221961354450138
2009-07-31,-0.693158019917272,-0.30451721409678334,-0.8792197666995331,-1.1702652023287214,0.5905069984628447,-0.21763511428943547,-0.16360707314255554,0.3369876487744799,-0.5591263100468334,-0.02869019103203071
2009-08-31,-0.7959222632181194,-0.4346207041087831,-1.2193314615843398,-1.3757304004030664,0.4622427143282937,1.0755202568304028,-0.21055239927412378,0.35279849956322706,-0.6059696478267216,0.19534441960441398
2009-09-30,-1.0780481925802488,-0.6860683410041966,-1.2219475202395922,-1.7677237134920007,2.0730332263038007,1.120198164326753,-0.6053276715584265,-0.007816947665944858,-0.17193866714286712,0.0028401593973841504
2009-10-31,-0.2648861746807472,-0.240167285276595,0.1831675378934414,-0.7724673742224424,1.8627948694493235,1.0009658410795408,0.10632956282106827,-0.3062833860000824,-0.5492138309468003,-0.0981843451434346
2009-11-30,0.126298616268313,0.009307203627069447,0.15397042033973699,-1.1026432271866222,1.8611205708683403,1.002003906402214,-0.08493527962738483,-0.7166398673708624,-0.8666633876483096,-0.20701361248873948
2009-12-31,2.1151690709799107,1.6013953886438104,0.23227494112446279,1.1078321188768936,1.472425583378157,0.5558499013139786,0.19920160569274242,-0.8519764197924359,-0.6595366618142068,0.08082605513918469
2010-01-31,1.2524610863122738,1.3805947326462251,0.5091788636409962,-0.28570775263205167,1.8080589886490102,0.4467701567462614,0.5530770258949169,-0.7357827112344828,-0.37082713845508164,0.1212533297119778
2010-02-28,1.016932627583055,1.2987635574904035,0.42137833216171744,-0.4053720947616491,1.8124105712902001,-0.4004705151960708,0.6173051292226955,-1.0858504109851816,-0.7548536164387109,-0.22905182004688882
2010-03-31,0.9256546374059964,1.549219746318951,0.3738917608659927,-1.1644971620345432,1.5630297163544071,-1.1363810946690107,0.4266613905954958,-0.956556753448278,-0.5915208129697666,0.08596635597697151
2010-04-30,0.918198573173702,1.5513896967398757,0.026787334123895334,-0.7684726357567639,1.4752013771186627,-0.8154635212043306,0.17737584528366906,-1.0962269671613367,-0.7655472043275849,-0.11167533924032022
2010-05-31,-1.361048715850465,-1.3211938394013378,0.16008965531947322,-0.41636341947636635,1.536223239333935,-0.5877741688525677,-0.4863939934204737,-1.0493154826837092,-0.680950261091567,-0.1290745584957579
2010-06-30,-1.2905778971684387,-1.286116656481543,0.0686596163576429,-0.17498353793329707,1.4250232500472466,-0.49286917770493544,-0.1782970875156345,-0.8215406361259611,-0.6533952594895182,0.04285566031902165
2010-07-31,-1.3000995652035254,-1.4501675275012575,0.17759807425522672,-0.40594639319637715,1.2628682834116087,-0.4751397229378545,0.03203118228962704,-0.9156273758392965,-0.7783835570241466,1.2425680743674252
2010-08-31,-1.2103464713844538,-0.9997824745016904,-0.10543535232270282,-0.2470511751560524,1.0669746200018368,-0.6389279491799207,0.01623123213474388,-1.2647593180283685,-0.7271549781497885,1.2973478466271249
2010-09-30,-1.2559228441787003,-0.9245312553524201,-0.06797076032738611,-0.47604095902082383,-0.8923675925260331,-0.5730346539881982,0.04344143661760569,-0.8766093011828902,-0.6396570425040077,1.2008918957917214
2010-10-31,-1.209119784461091,-0.8977608876325921,-0.09942659840616676,-0.3866687787080126,-0.8929339447546575,-0.8172711889941783,-0.2681931496444174,-0.7114987078666953,-0.5725460845968103,1.24330575477597
2010-11-30,-1.1934443158616064,-0.9902315092135173,-1.1550829111604297,-0.26317631934115926,-1.051308807580937,-0.7321750983056832,-0.22209974071337482,-0.3049934410524872,-0.4284197812633642,1.6194338921409488
2010-12-31,-1.2563994172453616,-1.0049072207034235,-1.2775778783536442,-0.03174058882669901,-1.278994935579437,-0.739673725281563,-0.16935588492909512,-0.3512578723102036,-0.615071848334481,1.0654966780516386
2011-01-31,-1.8835611343893135,-1.4054219040018512,-1.3294067413746824,-0.005689899732642915,-1.5443647902012998,-0.6920986670635006,-0.6030495661610362,-0.32692347514111153,-0.060727968339299526,1.112265102843747
2011-02-28,-1.7943673209169402,-1.4849032007839984,-1.2890374634804358,0.24473161834270574,-1.444449162626447,-0.9147885480811982,-0.47665505323602103,-0.41713044999419746,0.1329426979156928,1.2421698706806295
2011-03-31,-1.77652858583496,-1.370345886616649,-1.5267908979618983,0.6211121766712103,-2.176733894902474,0.12854423455936537,-0.6193465066001035,-0.30698694496984213,-0.06858712829962504,1.4237154953952578
2011-04-30,-1.7806296603458152,-1.4347411718216918,-1.2534284886516327,0.6779241681163218,-2.2296036687891077,0.0630558565613858,-0.1868630007638137,-0.38521842364211356,0.19305907685677878,1.6192684759644127
2011-05-31,-0.8471852270122308,-1.106976718289666,-0.9333590949609389,0.8944976869731879,-2.2493761085301784,-0.010513291532444896,-1.04516655690659,-0.4040285173547971,0.29665760904160066,1.6599607236655967
2011-06-30,-0.6514763387298396,-0.7446642532270111,-0.5969567654344078,1.0262368324905617,-1.8952022776347626,-0.09296431051428757,-0.8068486203558635,-0.8481015242908361,0.27819976790421536,0.3126374306088201
2011-07-31,-0.6316820052074437,-0.5915402545081295,-0.8064344418173696,1.3557533286446921,-1.677900633228691,-0.02609166371667679,-1.1526914673477746,-0.7639411863099057,0.44489551922638465,-0.8913429280712085
2011-08-31,-0.6692149908384668,-0.5553393157787511,-0.2607515810308819,0.929592360712639,-0.34502336175197396,0.0023946934249902485,-1.0703069917870096,-0.8047115260150126,0.1337956421274804,-1.0449758192454182
2011-09-30,-0.6844528881694917,-0.38469871003436235,-0.7046386329590988,-1.6833395962612818,-0.20137057266252556,0.12351895567713805,-0.9306335032567377,-0.785903463456282,-1.317240186480265,-0.6440290812805699
2011-10-31,-0.8541029859828687,-0.013426964131498848,-0.7553446545667779,-1.3219589932644484,-0.18316707651073438,0.38920531514690865,-0.9351090619770545,-0.8728529804196404,-1.5056470886267053,-0.6040825066921978
2011-11-30,-0.7611061157751606,-0.11641272223620555,-0.7179945740777808,-1.2172902581685083,0.10640507393807246,0.42846843605736895,-0.690550596645564,-0.921420448437123,-1.1626136529138382,-0.7038720454650258
2011-12-31,-0.506990437781749,0.15739116048969196,-0.4664816711324886,-1.5329671717366806,0.018168410579148243,0.6454103107613524,-0.3211147255916912,-1.1608541772178262,-1.6694621604252113,-1.0994797273187211
2012-01-31,-0.4634980675262629,0.19978287560647084,-0.8094196417475291,-1.4050970995115548,0.14936103787944735,0.7625760121876676,-0.6140534525936501,-1.0391538171128354,-1.6422230836219176,-1.0707966396486919
2012-02-29,-0.47686374458786995,0.13444866351722812,-0.5546929405296677,-1.431885020412219,-0.18615604877717276,0.43360792393299585,-0.5451762567638327,-1.024492501318079,-1.581916138880935,-1.2585418839999487
2012-03-31,-0.3124694901536218,0.49215445480071374,-0.3795584153985039,-1.5265465041016641,-0.07445020072272783,0.745668281663368,-0.3020961126308195,-1.0928123357885176,-1.5356075596030627,-1.3072828145195248
2012-04-30,-0.03451579523371497,0.6491309529054031,-0.16994585577449167,-1.6315629093214699,-0.06024845474437302,0.6910401985818895,-0.39133479129616444,-1.0854531835520764,-1.6440153996621008,-1.2448207281847776
2012-05-31,-0.6667220046186141,0.015500331125498926,-0.03502798358783829,-1.1787418555450988,-0.08565607066854519,0.8196149736295559,-0.47442268041254515,-0.7029302167495672,-1.2085991017458362,-1.2010605130175183
2012-06-30,-0.6502293939657289,-0.13328972382424506,-0.21423717237978526,-1.191288016741651,-0.0071181761364843875,0.08047207359215601,-0.6676936406712217,-0.7436353099199223,-1.3248753695647502,-0.8966205884134789
2012-07-31,-0.6020535037633485,-0.22233940889761264,-0.05217236766312634,-1.08863226437844,-0.19879258522610035,0.0958307625845833,-0.7038700923314882,-0.628553950347215,-1.222387858986355,-0.5892533736356156
2012-08-31,-0.6929903238843146,-0.5810583122543163,-0.3145456265159316,-1.3061927393762733,0.00866232187971437,0.2927377304366143,-0.6745338030735362,-0.46412934584944365,-1.1463132553698472,-0.3256244246225653
2012-09-30,-0.9221519942867364,-0.6893738479029293,-0.43287704066179034,-0.08830927242062254,-0.2422621996882622,0.06543724112329061,0.03160964739381269,0.09582524299649943,-0.5973818600364676,1.1587714917157428
2012-10-31,-0.6423866119430435,-1.0107981093547327,-0.11120899107618037,-0.2655537128803305,-0.2683552299932455,0.00864246146745627,0.39090838804121997,0.3308715658423275,-0.3889443708064158,1.191788548545255
2012-11-30,-0.6809859054052586,-1.0896198394993648,-0.02576450709853468,-0.469439551239943,-0.39243112890027265,-0.23544671764729136,0.17766554354339292,0.24488196816423943,-0.385667037026338,1.3089800532564018
2012-12-31,-0.8225017319028699,-1.2184357820777671,0.854419198228926,-0.6674020579011908,-0.49706525180451466,-0.3238890431188707,0.5229753876606829,0.5722904025855268,-0.1495340319964503,1.4084721527040995
2013-01-31,-0.8331973445394302,-1.2895882551518791,0.20228203197158937,-1.071225048871354,-0.6961488288803799,-0.13756302176308216,0.17950092562072065,0.36284648857269786,-0.2696801199844815,1.4768612842605322
2013-02-28,-0.8635124210176491,-1.1008857445700897,0.18936959781634585,-0.6834262044644124,-0.6937750779098752,-0.04063571871250572,0.4827166337560793,0.5148717964798496,-0.06435584029554234,1.2382989719357598
2013-03-31,-0.8003544288582797,-1.310189058944843,-0.08322383779703571,-0.5382414999153584,-0.652595628988552,-0.031642698978156386,0.2981782372468373,0.5467855730288127,0.2867238597869399,1.2914110050894205
2013-04-30,-0.6077819900757069,-1.0873806255917235,-0.18507351998940283,-0.23666443873808699,-0.6632517355505624,0.14101451805682302,0.0437202509970165,0.6691082499288341,0.34592849713651036,1.0359372566687974
2013-05-31,0.6528612458495798,0.10670219166644614,-0.16425786406404985,0.16723915198184705,-0.36630394973025054,0.17066300205480578,0.03790147510483366,1.5056744983158186,0.3370646965466055,1.074910990630419
2013-06-30,0.4122167661276539,-0.20929783149865402,-0.5751190270451665,0.4302138939777222,-0.03749952970563267,-1.5194403184972387,0.22911660432139405,2.0112057437606725,0.2676875383186349,1.5644290707650503
2013-07-31,0.3666316038392574,-0.19853970109666141,-0.3082403159306721,0.19132699485758073,0.28938368918276935,-1.5604803145177133,0.2375868351032622,-2.5739140445025326,-0.7210364189013496,-0.06349450882811693
2013-08-31,-0.08516236825017078,-0.23119497215332005,-0.23396076345594508,0.09284442443669891,0.2419257898894053,-0.0028606423189251793,0.6315959736808372,-2.574094457797682,-0.7041763505307639,0.008203019624033357
2013-09-30,-0.02674190121952831,-0.23384673303635387,0.06819377382754654,-0.4168886469033676,0.28810834640781335,0.7028004307856759,1.0885781232963279,-2.259326155379677,-0.712653357525184,0.1289940304815873
2013-10-31,-0.2622401456744456,-0.1996962772453389,-0.07795236859900855,-0.6882867628691655,0.49561092528097717,0.44289361488885803,0.8491619376968992,-2.239790288894699,-0.8731301537745663,-0.02432358621124668
2013-11-30,-0.17858366373002613,0.12124321310283105,0.17431243774138705,-0.4688230561747075,0.14094652206137684,0.4485506560755622,1.1952753800244726,-2.2203232881104613,-1.2917103308748785,-0.04998316635554732
2013-12-31,-0.2578253682859201,0.06127794886787088,0.2683622222056317,-0.2612788817449209,-0.22795014155280952,0.733458645350464,1.0707027373092728,-2.3439058295921518,-1.2673272055681917,-0.038417493114210416
2014-01-31,0.11932536574949976,0.3477267304048146,0.13969670355771557,0.08184697113039606,-0.2603673061322027,0.7328524501883266,1.2741986689614206,-2.548335295999413,-1.0979731491917701,0.25636978255273346
2014-02-28,-0.24597352172711176,0.0015117020577277234,-0.13809648928885296,-0.21131287129785514,-0.0047854757778689905,0.41712431368441044,0.7736885603883158,-2.3663459993070854,-0.6773955262043357,0.20349035778561556
2014-03-31,-0.2474889671217713,0.3058481354237155,0.03999252703717046,-0.17293650063562205,0.29204494162145966,0.11608794783449396,0.9554915812711599,-2.050001319805219,-1.0291750241106197,0.6509808399635122
2014-04-30,-0.03515053551698991,0.2708992917825301,-0.27306114873994286,-0.4052676579411405,0.27320004877398435,0.2612701663945044,1.178910024828315,-2.095433156238507,-1.0291173320365445,0.7640284544028402
2014-05-31,-0.29117008787195137,0.005879907595353568,-0.3330447453779919,-0.40381297137816746,0.3087897721307372,0.09914084008332463,1.1138701602194676,-1.8134959334247882,-0.7998245460751676,0.4957584557938776
2014-06-30,-0.34576430605808867,0.09286188088483141,0.08534786648431379,-0.6379834866355597,0.5595152879431439,0.200990403739286,0.9624641625455502,-1.5167594999380676,-0.4134656266985759,0.4475307892506077
2014-07-31,-0.34556914833272073,-0.007220091841881295,0.4253909776052488,-0.5797045761222774,-0.04527874182269433,0.44288953134696646,1.0688916958588206,-0.37241414301574316,-0.45324586693072133,0.7234810975911918
2014-08-31,-0.6137203318496856,0.279451321813236,0.6052696481868878,-0.2254395082880018,-0.09334168633720409,0.4190815827647013,1.2685836010146312,-0.4119942669544912,-0.11221951122496758,0.47234087567410293
2014-09-30,-1.0564238393303347,0.27831631748580066,0.5349503352338947,0.15861478667829676,-0.16047672257601792,0.6295276642217028,0.813835621674102,-0.4124850915436867,-0.4342437451955571,0.6896411434467368
2014-10-31,-0.7858774114107635,-0.5011247880696256,0.7069356689816784,-0.018926127988544893,0.018861582511744444,0.6548453947377381,1.0588765723203732,-0.0023587144741193896,-0.14767288513079974,0.4468100419058271
2014-11-30,-1.4906904423513607,-1.120870378948233,0.5664104243858883,-0.001151456839506458,0.06168740491925554,0.7286410601770941,1.0427176182102837,-0.0903557466284461,0.04905499348300261,0.20158833077368649
2014-12-31,-1.0416826575437619,-0.9709546398462767,0.3452791319244626,-0.33228975051110654,-1.139787385503006,0.5759600669195251,0.8741664128141536,-0.17792471211101077,-0.01788884584929953,-0.0509175606494701
2015-01-31,-0.8961323262236411,-0.6916242853938064,0.4789219092013466,-0.9388779264362742,-1.4773696224575974,0.27848529737243133,0.5802300850796565,0.09463985388077846,0.09056023284562258,-0.13021858234080816
2015-02-28,0.2760022912792488,-0.7829252624186109,0.8177654251864505,-0.37494765682726866,-1.6266426882303349,0.6077128094182646,0.9645393479869397,0.12331672750581431,0.048963585023854624,-0.057824414366393614
2015-03-31,0.540812182254323,-0.7191366641856717,0.8045174050392313,-0.7512035718046318,-1.6733596191274396,-1.0867755403991683,0.7503007335598614,0.3493707369326641,0.3235696875644136,-0.19027538949813488
2015-04-30,0.6901944365008262,0.7228168326905299,0.8848050889972845,-0.8045750805583143,-1.9186421846530293,-0.42244644049377994,0.7372868896634193,0.5512888325814521,0.41644893836095265,0.13184846343165313
2015-05-31,0.7715417302693559,0.7713801455012034,0.6795098516432386,-0.4545852141293158,-1.9690233004916158,-0.06893065585461104,0.4771796974176056,0.425449506468187,0.49243146608875205,-0.20664666921647581
2015-06-30,0.92721603246317,0.8844340459412109,1.0436824837531147,-0.12195799280096178,-1.8662553007088452,-0.3162368214761093,0.48510213100238286,0.27352439912482346,0.2628687789064721,0.5356507260842663
2015-07-31,0.9302642299123552,0.7060658523531439,0.7506086034897077,0.11856330602372477,-2.328389061047842,-0.019072280545908014,0.5753845077757754,0.7010111251060895,0.27914584321926067,0.21976186728423103
2015-08-31,0.7698204840114982,0.556524011449488,0.5767638554332247,0.03976587515865927,-2.396998701594033,-0.09923670857462477,0.3967052867348888,0.777759110372458,0.29785065559951673,0.38347045226441834
2015-09-30,0.8079305680474398,0.6337158742106092,0.6018143364502421,-0.1826700888131868,-2.2499769881330485,0.2997707903878878,1.2739720893928888,0.6337512731049119,0.8991082265461312,0.09258477512277372
2015-10-31,0.5402190223446063,0.3142768338359819,0.24931935802961802,-0.06007984597154549,-2.16024312671769,0.5886328343488009,0.8243294659968152,0.8755379831976531,1.1243285639566556,0.26168329078729236
2015-11-30,0.6067013748905479,0.3431788852964699,0.2752244004592671,-0.1919414418544333,-2.2611030084587496,0.4182644591556035,0.34239289489277325,0.9786888875900853,1.0037347558671565,0.612492042731209
2015-12-31,0.679372535701504,0.5561831264864177,0.36402004786512987,-0.2676815864593129,0.50413842788068,0.20058499299480817,0.4708761612958318,1.3240290303192066,1.0818898211133576,0.6122726922054392
2016-01-31,0.6655988507198171,0.554268769657501,-0.11768316166659241,-0.39292172227033834,0.4167387428057442,0.30179095641102377,-0.005641807753488395,1.0740207758232598,0.8574782062813344,0.492823917619984
2016-02-29,0.6756261450993405,0.627712541221138,0.4384030222852062,-0.6891820592030703,-1.974113238717372,-0.04461466498593809,-0.3097048867121616,1.3851437492550127,1.3647427656888171,0.7217595546374346
2016-03-31,0.26728707641787064,0.3211903869963772,0.31758832953812416,-0.6911355984781514,-1.3341355438829932,-0.22500813381928664,-0.3996430302166546,1.3256395242034442,0.867288976094791,0.5236571997220921
2016-04-30,0.28819845045774334,0.02722773089736772,0.07793742909588326,-0.7365862018893218,-1.1736735749766753,-0.1606108546010597,0.2068313617881892,0.8148189001447699,0.6749823017224909,0.34609974899903195
2016-05-31,0.1622952112580762,-0.0725041515710828,0.20943572087006088,-0.5784356901856743,-1.3424067313177324,-0.5400794836599935,0.3031746330929767,0.5796484092370293,0.32716900079728733,0.4746958757660964
2016-06-30,0.08366004363404965,-0.06751944417121922,-0.0402381250171428,-0.8208806961520191,-0.440051780450149,-0.661132811340727,0.17433092543450565,-0.028150232877363852,0.14227122877100518,-1.0301624171249713
2016-07-31,0.22848028087980346,0.39453442355867063,-0.20393931096838216,-1.3075067770289799,-0.49904665421598027,-0.6619866817709055,-0.20388653363070072,0.11469384590475945,-0.3273097544291474,-0.3471336012569425
2016-08-31,0.1428268808329727,0.3321006575092245,0.09357914905946219,-0.9507420113875416,-0.5310108505260813,-0.9726998491067002,-0.13429132180533068,0.15742551729966447,-0.30413990356455983,-0.28214925326939233
2016-09-30,-0.16807652317130584,-0.02740092986492734,-0.0005924134924889396,-0.8851395029053143,-0.6972444172479828,-0.9926401036450341,-0.24222406085952367,0.3429849845436872,-0.30359087351386854,0.07612413377760059
2016-10-31,-0.06200414943785985,0.14194913076248827,0.24167837722272253,-0.952968106534533,-1.00002428793617,-0.9569539613684708,0.11022313878368172,0.11545827923990204,-0.5180646414840709,0.03471395445568797
2016-11-30,-0.38451147971273186,-0.16280847878917615,0.09861617148915584,0.6463198487608237,-1.2812409845498283,-0.6256608441947955,0.15641128635622217,0.12926733651217204,-0.6555003326402159,0.17651742199431483
2016-12-31,-0.462350753883071,-0.5066348073384558,0.15590743793556533,0.8466853775646764,-1.3549983032372386,-0.49952628399645893,0.1799286992645544,-0.08440932140429148,-0.5529271399895297,0.11479755841640193
2017-01-31,-0.5815349958461569,-0.5869399310112892,0.160224472218636,0.4437436927195367,-1.0301553092819584,-0.37087638095790876,0.03725367491702837,-0.039608876948885124,-0.612407534510457,0.07910030461218637
2017-02-28,-0.449735606243021,-0.6566272111731198,-0.12421992717527543,0.5842377624895579,-0.3174980873996621,0.0041513001331034164,0.023477877262740234,-0.290214590105119,-0.766191479297527,-0.18701068624539247
2017-03-31,-0.06789112367516154,-0.29126622317643686,-0.09631126033653648,0.732079632235843,-0.31698839590864636,-0.07572342797342323,0.1740760511709017,-0.28551532417919306,-0.349067513290506,-0.05650757968838582
2017-04-30,-0.800336690730322,-0.8920408146023638,-0.0031651219839377697,0.971365662323109,-0.14184751919113547,0.21848242975340496,0.5036760641888802,-0.2026830509628971,-0.5679394530779,0.06692399796484544
2017-05-31,-0.5584553901222333,-0.6870120223832551,-0.1859387954486677,1.2128472621496966,0.09877875091079975,0.6153650213020362,0.45683426229698615,-0.20613439978909584,-0.34028362869302003,-0.15482388135603242
2017-06-30,-0.3583995416996997,-0.5416676592265529,-0.5960347880835067,1.2068508334412265,-0.46324748589491416,0.7909891215172269,0.45296213680747266,-0.14128344260803016,-0.8059361231350548,0.21802164244604721
2017-07-31,0.5197282271444256,0.049288229783499074,-0.5966755622182068,0.925603265805708,-0.2881320460872516,0.4229395083085226,0.5013244910851036,-0.3094768430329372,-0.5323027646592045,0.2068371521231646
2017-08-31,0.8779158393610934,0.38856388916482526,-0.9025234410874602,0.9388276889716125,-0.43162708821923473,0.7302678201119839,0.22543758895970192,0.10066518606448878,-0.4732672339935694,0.011629397790104388
2017-09-30,0.7382984241781136,0.4232357579149887,-0.6350385489759633,1.0998711383092044,-0.37764781215300125,0.8295942787544394,0.5653724962008927,-0.9214584660792999,-0.6504644699561178,0.0024097939331342677
2017-10-31,0.37218003379500103,0.0800028101140968,-0.8046788117186202,0.8787876790884803,-0.15458861061619034,0.6038414961948935,0.44599720232089085,-0.7280761322323264,-0.6363971515223881,0.2787688235831379
2017-11-30,0.41728517247016067,0.07882399259116153,0.2771312609492968,0.2678862078617398,-0.13181259159007055,0.25342538509647516,0.663574255453026,-0.9754015092109659,-0.6013702124155554,0.2164778783890023
2017-12-31,0.41628478627946586,0.07986658409217319,-0.07030750967823261,-0.009809047410127733,0.03710424061557848,0.16813634108371908,0.29258207661174146,-1.1631964824546042,-0.6022063402803359,0.2872303149477072
2018-01-31,0.17998612178042556,-0.248237495647037,-0.33995482627787854,0.28873283895522134,0.4494505433347625,0.4066622851831738,-0.231090635361796,-1.127263966702572,-0.5355583698746126,0.20753814629068645
2018-02-28,0.21418851822294982,0.0010874080737534883,-0.03419335252872006,0.3357543249415093,0.45535710850498284,0.1283673262464226,-0.029304118221806563,-1.0672802907165162,-0.6120765735444713,0.025745698599374384
2018-03-31,-0.12006329862368015,-0.3195431823439686,-0.16650517517274413,0.338436910627701,-0.21536705651898463,0.3163453829933137,-0.061818134210710377,-1.2326679904108768,-0.5387163322121032,0.19154263226229493
2018-04-30,-0.5052468819576743,-0.6882636359269744,0.09238389674219007,0.19238174397424873,-0.17084239930207318,0.3873864749392075,-0.290225178872523,-1.527673207207498,-0.48806056683380505,-0.07060213325518912
2018-05-31,-0.7932133188609899,-0.6811606887775294,0.2817450862587818,0.1431529067965338,-0.4757043669964384,0.13442460274724943,-0.2575862351486563,-1.492577696563733,-0.5388477680254654,-0.07407068241855122
2018-06-30,-0.8776455545585886,-1.0182035636966846,0.007817655034087809,0.49729221327791584,-0.487896007314809,0.13180793940760152,-0.3114556682820745,-1.4854249962884494,-1.766299075716032,-0.09032160481990371
2018-07-31,-0.9395629703327852,-0.6785550537946767,0.3921054609931516,0.8734033499283543,-0.4945096866490162,0.4369990270021544,0.02901888602624273,-1.3374355904858064,-1.7867365269843305,-0.43137259885499024
2018-08-31,-1.2659428067167429,-0.9183116274629707,0.483815554870819,1.1785367675044853,-0.8531631416231092,0.2826395787946376,-0.16526542002637684,-1.4167887362628688,-1.6388749373752685,-0.029431208939553512
2018-09-30,-1.5698769157447694,-0.971977870678131,0.3625479774613048,0.7186265472067267,-1.022621472077985,0.12868505430110097,-0.5615761162920312,-1.4089169732049527,-1.6530665401484048,0.30517247714004103
2018-10-31,-1.1721691357063022,-0.8534407196900043,0.052027114111198834,1.1863509632868885,-1.1078722532102103,1.1866442239851702,-0.2956543165445397,-1.7178319342344475,-1.6077673329379845,0.3004063591136086
2018-11-30,-1.8088524079178716,-1.375571227025643,0.033066680902151334,0.7696119172266832,2.0391947565551027,1.3420828797369317,-0.35740000013105955,-1.86834460291957,-1.433083313410668,0.09634828432888286
2018-12-31,-1.411631443547771,-0.9365678464437931,0.6157593080376161,0.8746124913483931,-0.9443998273608768,1.499518068561507,1.0193526552740708,-1.8650630375336348,-1.5564829189162204,0.359693392721735
2019-01-31,-1.0010490165011898,-0.4578674922327361,0.6179140544076972,0.5805156928135244,-0.8437141684823116,1.3758721962855582,0.8125777159016749,-1.7897041327317125,-1.5811389134192968,0.4893940560342928
2019-02-28,-1.2455001852798542,-0.6940580960447907,0.5371373279820516,0.25425918107904977,-1.0629468397449788,1.441405365146828,0.8984427428726514,-1.3926221255619928,-1.5146039155294524,0.331323441424892
2019-03-31,-1.229468225114851,-0.6914822853014106,0.749010230524461,0.1244141262672477,-0.9208267367429256,1.4450104097112222,1.0012386215518758,-1.2596450582828838,-1.4541792924997208,0.1100179276054759
2019-04-30,-1.2319056266404902,-0.6967281468857512,0.779424237131823,0.2708624375669685,-0.8441643172589882,1.466322736335577,1.1267496684403342,-1.1609574000843166,-1.2166162662708122,0.039214671324820045
2019-05-31,-0.8020820819421427,-0.44689513567579287,0.4367399827920838,0.21073414774940005,-0.6748565528613503,1.9181950348582573,1.331575015659672,1.0875209791873504,-1.2897606276591922,0.8428003048515114
2019-06-30,-0.8139288658650219,-0.4551907782088887,1.1037621982973915,-0.08306454205516986,-0.5832179996846121,1.8440029313848654,0.86384423259209,2.075777878476997,-0.5081480441933895,0.5384785633524578
2019-07-31,-0.9584431832999426,-0.6460213023166902,1.1302168715143732,-0.20805390715169278,-0.6131489128372708,2.5247059088662134,0.4526115625718544,2.3764920778047407,-0.16834044974274118,0.9675978072282639
2019-08-31,-0.6654995357597046,-0.4624957112198381,0.7959313045371726,-0.21592612576373638,-0.5834017332717947,2.1724556234468,0.6127971077981429,1.5824633544379645,0.2969108848363158,0.9587432692652712
2019-09-30,-0.612037173026682,-0.337306588281512,0.37408997165000135,-0.170919948439698,-0.5678471660697509,1.7944128050558223,0.4006477852974919,1.2274411620243033,0.20598074946333636,0.5977883645846742
2019-10-31,-0.8602585143655783,-0.6132982240714507,0.2520633520977285,-0.5420442813239721,-0.5767134666741285,-0.1999875999378941,0.02795587677274789,1.2904051242315433,0.05874939711337058,0.45222001408046636
2019-11-30,-0.11449095568853283,-0.42318504660011974,0.23300863179133519,-0.4519069584509978,-2.1948161407345066,-0.5048280546051663,0.041776405425514494,1.3950097959015983,0.22099616021037566,0.3285214247054352
2019-12-31,-0.46244263153998516,-0.8234559904894782,0.2822765633652529,-0.7845920108967999,0.6823804484189032,-0.9348251201898743,0.04350052950069402,1.2881619292137483,0.1516406976380417,0.18780657196204703
2020-01-31,-0.9024939484977086,-1.0405373358140857,0.22663750912346425,-0.7222524665282604,0.10070540526102116,-0.6195337992259737,0.19014997344895238,1.3579485817996744,0.19211407150728124,0.30306120188928326
2020-02-29,-0.5933474763012033,-0.5858921604237506,0.24844935341585545,-0.8822113267128808,0.39652336591028803,-0.552783663967409,0.0040912674405769065,1.3579773170148073,-0.006576111117651664,0.6076764289921456
2020-03-31,-2.8967812075000694,-2.5491737504261156,0.106614590964289,-0.7138532409757541,0.28726613925321576,-2.388336106811865,-0.4011177813982859,1.3459359736956307,-0.11910278983771869,0.3884397722854692
2020-04-30,-2.8136816774617897,-2.5503499544363475,-0.24419494615686918,-0.719037345889865,0.5992369853175696,-2.521428297888801,-0.5735930908002613,1.3389234404370915,-0.11892822878085232,0.4622054516373658
2020-05-31,-2.066809455578654,-0.4268974898601979,-0.3501418890538873,-1.2022343954843622,0.6098286040500933,-2.5245825757665417,0.057540916289434106,0.29662528063370397,0.13937694909169726,-0.02381870938062549
2020-06-30,-2.03269735250811,-0.4346602566380325,-0.5450207361032458,-0.5788646812221961,0.5957475615055512,-2.4511372174153228,0.18557119637065878,0.10106050231791687,0.1076494443247508,0.347290296442779
2020-07-31,-2.079942281271177,-0.45508714894562713,-0.27000408136968945,-0.8034735804114256,0.4114475044813152,-2.516063942855185,0.532155737647488,0.14555962064792446,-0.17798342526194721,0.033939847045000505
2020-08-31,-2.1965108578646775,-0.5614560791382425,0.06140939451064335,-1.196771034752414,1.3447533821692563,-2.974157261036161,0.44667713994587077,0.15710491368275756,-0.3982913935519246,-0.14029773423454334
2020-09-30,-2.0666057141944623,-0.5236530012534659,-0.02606520045477879,-1.1146880113296405,1.4390812496899588,-2.9888856523379355,0.15105040597524097,0.16909453980621206,-0.30406477355948935,-0.2577664744072815
2020-10-31,-1.9724391363758247,-0.4087901401836821,0.22131343450875912,-1.0249895358253,1.195945114404416,-2.8865009448870445,0.270828093142519,0.003943482284896061,-0.4098744923922937,-0.298018636130003
2020-11-30,-1.8646412239109775,-0.5130903157402475,-0.0812608414767064,-0.9424517854410847,1.1799603573543234,-2.8390917054012434,0.25594677331076643,-0.36401324791013145,-0.5063359382006232,0.03621016640364264
2020-12-31,-1.8751218952847735,-0.48986262723096236,-0.12759950868663564,-0.8646427134931235,1.1793712292040122,-2.834151358850449,0.09144594624794694,-0.03972381231925645,-0.18629003405032563,0.07166455540208057
2021-01-31,-2.09542052256153,-0.7148718655303057,0.21243350851962217,-1.1630755215756619,1.2257157726144516,-2.8709961017212793,0.06448841551927759,-0.30942986044718074,0.17660012563107386,-0.14058402557274993
2021-02-28,-2.375936387344748,-0.9784532593397184,0.05135930021144324,-1.005847091143293,1.0466802095270142,-2.872790204569764,-0.013217496164935836,-0.47948006883624766,0.11365703705280202,-0.21298792180643658
2021-03-31,0.3171143187179226,1.9978986591694228,0.17013348554123778,0.5258859906732628,1.0601695238662774,-2.06564474150632,0.06918871956944772,-0.6282745600383122,0.04289610648209203,0.14186035534070762
2021-04-30,0.4286490392569945,2.06673636595852,0.23725346989061588,0.2679794181398905,1.1827813042924016,-1.5521941008848705,0.07405686646833261,0.959591494826727,0.29204177324846187,0.781713234796852
2021-05-31,0.05838867538634071,0.11445374416287922,0.1965820447279503,0.20331845586355016,1.115437175610721,-1.3171745989116022,0.14193907064710212,0.293680136229082,-4.295639061137522e-05,0.3300606212368671
2021-06-30,0.19840038736946977,0.11164936099221898,0.3924049638562294,-0.18200576594145548,0.7004948861981647,-1.1371282319197458,0.2475964420628055,0.13667537321740827,-0.3216737537537666,0.22619632273437199
2021-07-31,0.298855883225922,0.15841572571410323,0.2836273809366947,-0.1357044868871541,0.626228658468372,-0.9836126897518234,-0.09776775390163554,-1.051202078269283,-0.23733735610335158,0.3364631581867094
2021-08-31,0.45201989098606943,0.31201483195688107,0.2906689580654993,0.17525201863526144,0.25191402413031627,-1.1975727809750605,-0.028024223341212868,-0.7964256085028607,-0.2515330783016834,0.41084637669652396
2021-09-30,0.448180797032561,0.01573151806323796,0.2717285114312122,0.15072373413151402,0.0719791929208361,-1.0614352009723103,1.0410509227009088,-0.6399217632561399,0.12367037823938341,0.5479103539582509
2021-10-31,0.7251402288786046,0.12441628967787861,0.14383846042294937,-0.0919170647112842,0.319616097934916,-0.7209356797173536,0.7431129866125236,-0.652930880299927,0.32797420883602535,0.4357105189484823
2021-11-30,-1.1901582192016977,-1.5180234320696948,-0.0040840215072346355,0.23253591271248178,0.2342952573380975,-0.5540957913157355,0.7446440703692558,-0.534131255652371,0.6589096363663047,0.3674520606617397
2021-12-31,-1.1827888816011891,-1.4817390507124426,-0.11020332772121406,0.17287024992110175,0.008925317770225132,-0.41387563207760875,0.3822139330161718,-0.4502247269774679,0.38185115197498065,0.7277381799594238
2022-01-31,-0.9762963372933033,-1.3827274815759905,-0.149431326195007,0.32614884588904935,-0.13133571961284796,-0.21865672897299887,0.6667386893367727,-0.38633550027305014,0.5292227787698527,0.913068418275599
2022-02-28,-1.2650992142633786,-1.5183748736126934,-0.30296469523394176,0.1352770992123598,0.1176836524010784,0.011349469813098569,0.38665270964923626,-0.5285820265961427,0.35673679750193416,0.7755298725904083
2022-03-31,-1.6932971381756334,-1.8348605310182005,-0.5462019665470067,-0.203389853697354,-0.2211568909907299,1.3690903130590188,0.09436784555477545,-0.6378302049887045,0.509740471554563,0.5219736173364982
2022-04-30,-1.5270695764130584,-1.7739664110315139,-0.20804197199345226,-0.25199709099376794,-0.2994537427286665,1.3046286134856462,0.41474229773596577,-1.8706521963223732,0.5823145809281245,0.6219240510533774
2022-05-31,-1.6009225997009655,-1.8528803021265237,-0.28210857028179065,0.024897987622396877,-0.4621227959391447,1.2711205440452202,0.8228515577688508,-2.0421240915664276,0.5521318211953461,2.0980371845622146
2022-06-30,-1.086983727367112,-1.3304638018039692,0.42153992920420996,-0.5986921114118166,-0.5697750958781294,1.3877261669697967,0.8242491651426331,-1.9710060938335285,0.5011946311071414,-1.1383097522878258
2022-07-31,-0.8769275204621051,-1.080665125306914,0.7963185566439973,-0.3614970957581806,-0.43374430412663506,1.1259233935622885,0.7309592689792881,-1.311239593639528,0.4982381422961933,-0.7604970821183771
2022-08-31,-0.7783579322612592,-1.0327436538094965,0.9494873820857221,-0.40504366714771695,-0.42494552291917026,0.8732880418970188,0.4319321096924728,-1.5176836192733618,0.5355591191107442,-0.7518763086672787
2022-09-30,-0.3858226310842941,-0.5924762036654353,0.9752773440035131,-0.600431144667045,-0.06311303330139253,0.6441904782792934,0.05098480521720583,-1.5194449704723922,0.22694693023856136,-0.7730632998400282
2022-10-31,-0.3895445481073229,-0.5960692586333498,1.3198211994853988,-0.7583570548074626,-0.07943970119422725,0.6326507829784818,0.050182956444184405,-1.4435448864605567,0.03051801818266612,-0.4884768853200092
2022-11-30,-0.16731005665071016,-0.09693166793750622,1.0136345066012966,-0.4552241411506296,-0.3485024251281577,0.5198681409517297,0.05151849049702436,-1.251556097450825,-0.20994562484365767,-0.2604927994973337
2022-12-31,0.03503558225372391,0.11478047576174903,0.9401535215322819,-0.4354192615518634,-0.46135063298044315,0.48114285275387436,0.0022028136763843193,-1.2067999274326329,-0.14165378299108983,-0.33690696919688834
2023-01-31,0.04720845878865983,0.02542859317894126,0.5134540076866926,-0.3571419061922387,-0.20026295002051603,0.1526624128138577,-0.11760311758951324,-1.0811977940964967,-0.3630560137628496,-0.26544644944321355
2023-02-28,0.18227433972759996,0.24787567334007793,0.7718060668579396,-0.1185419393800673,-0.32090976396619114,0.012871349481422571,0.15167627406843584,-0.8649268202514954,-0.677895271097663,-0.49132377194234383
2023-03-31,0.5316788513726478,0.47290281055076394,0.7270366068035624,0.009606729820752578,-0.006688354177235412,0.20000737340000826,0.2135727676321962,-0.9103685277245324,-0.8257971163768735,-0.4762159018623111
2023-04-30,0.5994480225799506,0.5579336079875755,0.551904397828285,-0.005480892654840078,0.017563609856520446,1.2341574303629816,-0.08274158956590984,-0.9268693664723939,-0.6783860890992278,-0.10926032621260856
2023-05-31,0.46143035223006995,0.6280758950420463,0.5230288074662932,0.12386107969033948,0.16686789709600447,0.9934717928107093,-0.08170248548912497,-0.9872049838290083,-0.5004302093204739,0.06328339993345494
2023-06-30,0.11074623416336202,0.22908679927903106,0.5247320637896563,0.9421236926636406,-0.19500061470338315,0.7527536963568707,-0.1596943049013291,-0.7372508711174648,1.0127101804665795,0.610049530397084
2023-07-31,0.4744932331493981,0.5188974232637177,0.24977753034344977,0.5101236989803808,-0.6865962177941537,0.5826162552219564,-0.38790839179944636,0.34845635483035003,1.0521216738793748,0.23518645118192263
2023-08-31,0.45509393885097427,0.27016241700692417,0.23404355365181534,0.4864373039764225,-0.6973490281011914,0.506945770530206,-0.350535477263624,0.23932383181456127,1.0862255643523224,0.29199568213097393
2023-09-30,0.15724493897582045,0.10506427654529356,0.1584868292375437,0.45430251685406986,-1.1206744010540743,0.4333335239703859,-0.039729101954649904,0.21904281674698609,1.2274988968553284,0.07959203064899864
2023-10-31,0.4997931570154368,0.30300873663045197,-0.15267025869088466,0.505866974627931,-1.1027229894856443,0.2861898177898983,-0.10293027001837445,0.26022869671864607,1.333412483549092,-0.11854826626410059
2023-11-30,0.6958635001983612,0.3024221509987213,-0.0638823681528273,0.5028927947111654,-0.7298893594834667,0.6495135481309144,-0.1367682882303944,0.21988374020407203,1.3389807049045874,-0.4667890495157634
2023-12-31,0.8399459586974466,0.46151037425698815,0.10627915394982443,0.5428378207908161,-0.9631159322758661,-0.6476993476648173,0.2307577975001417,0.2204854532954317,1.6380111067752283,-0.20638087330374733
2024-01-31,0.5280520436310264,0.20528163551375153,0.42372561827477323,0.2057418628422421,0.053698157319631484,-0.4787264106603583,0.32579819040056407,0.5093388022142569,1.8564470693112713,-0.15573341413826505
2024-02-29,0.40004018459694984,0.0075833421411906285,0.6204528878505456,0.13515699224821942,0.3024376722620481,-0.272538302752548,0.543288917296933,0.5107333740805333,1.8516315416071418,-0.3301642505734941
2024-03-31,0.07662036112374714,-0.24067346746542628,0.708543927033711,-0.021580441765200284,0.2662561095796644,-0.2456298948909372,0.2894791066556607,0.6247713936891418,1.591352318711571,-0.20351133834692467
2024-04-30,0.046947783958658965,-0.13206867361125826,0.5245524943498726,0.6056337367340693,0.23346891580067253,-0.3082448056519699,0.22098979556454906,0.4355415434409763,1.586937357144835,-0.5774195686120907
2024-05-31,0.11160104330530664,0.0328818751016371,0.37582806333704005,0.8139081794561936,0.09351047998206397,-0.30816277516567747,0.07288758586320668,0.06489975805449658,1.37469088664089,-0.30499661860823174
2024-06-30,0.02320164684645878,-0.02843943199382143,0.33169177396580146,0.8648492664984416,0.27737081207595377,-0.6033826255074498,0.08358426144711,-0.10453303753696873,0.7341294651581659,-0.46797222576714453
2024-07-31,0.014338594971672381,-0.2245729136682601,0.2155022793993715,1.1991616012835151,0.22502542066577524,-0.3114152682533546,0.423891391981979,-0.2372195904638295,0.4225259649655083,-0.22333180347576304
2024-08-31,0.19495842889506707,0.08824460149736733,-0.03120765406788475,1.3322887319395407,0.23461543104997334,-0.28442384364942364,0.3778507018718711,-0.5075993519547204,0.37559491605198614,-0.49121432601208764
2024-09-30,0.3216259050578889,0.3756891190386854,0.5646561089659161,0.830979245937078,0.3354441810939499,-0.13001590121549825,0.32605350309511066,0.3812947775199613,0.12386576982363946,-0.7876788566144091
2024-10-31,-0.002991117057289194,0.33679495676045623,0.6971307388333471,0.783857009251589,0.6980854426785471,-0.06605597813912083,0.23329078369031825,0.5539177151151126,0.42251244138027605,-0.6239110603069857
2024-11-30,-0.24173943503068532,0.22477215628556907,0.24246474063136247,1.0352435068806825,0.40101678346740405,0.014251930786566239,0.5403749813503401,0.25987056179864754,0.5285701968165997,-0.3327861851837837
2024-12-31,-0.6275460509318126,-0.15085267363794078,0.30858078637230707,1.1855200693953303,0.152444264684503,0.7043887427809614,0.5406853942311729,0.1779165119395427,0.2995681116173172,-0.336797840707024
