Date,CH,DE,ES,FR,IT,NL,UK
2005-02-28,,,,,,,
2005-03-31,,,,,,,
2005-04-30,,,,,,,
2005-05-31,,,,,,,
2005-06-30,,,,,,,
2005-07-31,,,,,,,
2005-08-31,,,,,,,
2005-09-30,,,,,,,
2005-10-31,,,,,,,
2005-11-30,,,,,,,
2005-12-31,,,,,,,
2006-01-31,-0.25473245809254247,-0.5802906659524514,0.28040109693392157,-0.9264666396385984,-1.3364610099061398,-0.9476323191607487,-0.9564566069591655
2006-02-28,-0.05981988738986467,-0.5714875791638017,0.07405015286843195,-0.7632656395885076,-1.398575348698338,-0.8352511580392055,-0.7395726414904584
2006-03-31,-0.16282923087424034,-0.840823809982217,-0.024101116705565515,-0.9761645415791316,-1.3307024241120062,-1.1539601020613381,-1.2266104652730474
2006-04-30,-0.03594944958163266,-0.6764284190320137,0.09061229358732624,-0.9365071286660929,-1.6441003417655158,-0.6207656495348189,-1.613271908265866
2006-05-31,-0.9616404103579864,-0.9065020796011789,-0.008334196600378667,-0.8001526825282079,-1.0575184955520562,-0.9735571466060545,-1.4600714424609973
2006-06-30,-0.8163819870688734,-0.6458599740293774,0.13227068485075008,-0.6446408277726554,-0.8780844778173327,-0.7974843167247941,-1.4470333980187513
2006-07-31,-0.959032675523698,-0.5683632474604843,0.21125328842609348,-0.5676398527651146,-0.7622350777945275,-0.7980244631394097,-1.4579760878279993
2006-08-31,-1.4005941696471145,-0.9347305077281212,-0.06768617047616866,-0.9240187808132961,-1.0111959607593721,-1.2025845166701914,-1.3576126597807794
2006-09-30,-1.838355035795376,-0.9188773023046526,-0.44498678508807793,-0.912370951074798,-0.9636897745774112,-1.197958368479171,-1.3680990672007125
2006-10-31,-1.808981950488351,-1.415883993501355,-0.6523647205026215,-1.3769371351257573,-0.807910170469631,-1.521821831128932,-2.0471142547876364
2006-11-30,-1.8592552447948054,-1.3740360929580973,-0.6611849107155379,-1.0242202832928946,-0.7935462034258245,-1.5728185608853367,-1.521523268729406
2006-12-31,-1.7674306970194191,-1.3221685613147414,-0.7108442809579768,-0.9744509526665691,-1.244098675283991,-1.6702626462995036,-1.676097585824046
2007-01-31,-1.6479405279321038,-1.5148513352853474,-0.668449586045191,-1.1583639432239308,-1.2309044852659576,-1.6088479367118476,-1.4495756174930887
2007-02-28,-1.1386928363926818,-1.1074189831247032,-0.3334095374826727,-0.8143765105338236,-0.7696938135503125,-1.1677135855549399,-1.2775158635950425
2007-03-31,-1.1656574293467865,-1.1074244388703915,-0.4987351516798694,-1.1102108513422806,-0.8602264173208239,-1.0373282130325827,-1.3912583957339382
2007-04-30,-1.1902065149921295,-0.6549743714637821,-0.3762146096282325,-0.7081749342105302,-0.7879059965165444,-1.1633093154237448,-1.4097809591331674
2007-05-31,-1.0780990406735032,0.14725591691211415,-0.06710506040229319,0.31411058837621597,-0.4293403432234886,-0.6418221876878174,-0.5259348086777943
2007-06-30,-0.8514626827151766,0.13480070320124835,-0.10750650688557521,0.28042984844887586,-0.48523185746183717,-0.8532972839091859,-0.17026251272885445
2007-07-31,-0.4762681106061217,-1.0123317191441739,0.10118121154056287,-0.6896028398206855,-0.5342725460852691,-0.5419701490348227,-0.6914957570584773
2007-08-31,-0.24002647645044614,-0.7868347265534258,0.33395983693069947,-0.30480508603582934,-0.3319884446008193,-0.1587700645074361,-0.6185528590148738
2007-09-30,-0.06171295917726284,-0.8230425427732038,0.6019352318824799,-0.2368903130790992,-0.10350408458745809,-0.1560273452356576,-0.6929812811077825
2007-10-31,0.007315693919090089,-0.6813568315033448,0.971817759510114,-0.26667378211651754,-0.052104607374746655,-0.2330504024540291,-0.5085986527441957
2007-11-30,0.0611823570626614,-0.5221244354811263,1.0388412158406914,-0.1644561973085615,0.2186373509317992,-1.0980443086587794,-0.6966450818747818
2007-12-31,0.37083570085509293,-0.4348335943666456,1.1135196379404695,0.12486686433943893,0.5334252594254414,-1.121864930178796,-0.5712969292912183
2008-01-31,-0.5507982493426065,-1.6869678052612982,-0.3569164855402974,-1.4244892378385194,-1.0321824063666727,-1.6345835841440939,-1.185820035427373
2008-02-29,-0.7179724058376906,-1.658252597005025,-0.4495357562854905,-1.4255813129174084,-1.0825038970513012,-1.7809286844338235,-1.2310792984017118
2008-03-31,-0.3843518613008909,-1.3735041510241695,-0.380694848609981,-1.3097455618184572,-0.6704483435889766,-1.798091326181541,-0.8935826021049729
2008-04-30,-0.621401089084952,-1.4586069652632296,-0.6007391006760519,-1.2301572516999324,0.03499270684993232,-1.3301624356482533,-0.3421018872286608
2008-05-31,-0.6050155949127438,-1.6994986366891314,-0.5562366198967504,-1.2417198943340957,0.07577121656985338,-1.332755640976935,-0.18035029178199197
2008-06-30,-0.4064888232518754,-1.1058491844381553,-0.5297936735609811,-0.8465874735857583,-0.11100096766144944,-0.854154150616401,0.008703544095727224
2008-07-31,-0.6067603321081945,-1.4308669780170828,-0.4933708009976716,-1.0820287420560706,-0.14884144832500013,-0.6795956082239164,0.01102760104927454
2008-08-31,-0.6378773460334297,-1.3728807143029722,-0.5301272247934736,-1.156648197855457,-0.1898586493606083,-0.8077528478065098,-0.15103740271145777
2008-09-30,-0.2676307918366206,-0.8830830350102941,-0.21839365260716684,-0.6816259061962563,0.037351701889498844,-0.726423005049043,-0.31069035550075397
2008-10-31,0.11071968866375168,-0.5278045210930571,-0.9418283068921646,-0.34721388914087536,0.016610907191255204,-0.3897691733018819,0.015960687570810494
2008-11-30,0.31148169574145446,-0.3353566435057661,-0.9153927795004878,-0.19135173214530155,0.13543835622650044,-0.44640990554634025,-0.09695595130264233
2008-12-31,0.36634136924599947,-0.32785193701626436,-0.9100302668670777,-0.17985704612864303,0.19024570093189114,-0.38202418522817505,-0.12261591277213202
2009-01-31,0.4713193924099414,-0.181693486426681,-1.0583062731455146,-0.1669108482476294,0.1296127273780626,-0.7946635282789317,-0.1705064621845318
2009-02-28,0.3291629318036517,0.11101906028441648,-0.6491895125300265,0.13930027097099307,0.35049941054626504,-0.43165717292145,0.1519250524135991
2009-03-31,0.18766602463941945,0.027745570656888128,-0.6126533860901471,0.07674402572427912,0.14435089698446024,-0.4246725282924914,-0.04437477196029066
2009-04-30,0.2888130864002724,0.7665579888798736,0.6240170259752534,0.6671262011955554,1.340944411899619,-0.16595615108674927,0.0677272452893351
2009-05-31,0.2005173230177716,0.7179644031517388,0.43860859863272206,0.556925810546074,1.1253719554312975,-0.11110168554546142,-0.036784736382271664
2009-06-30,-0.1393774001795618,0.6040113159967958,0.10978394793429054,0.5208790626832407,1.0596758582478125,-0.3920013548281484,-0.14869838030958937
2009-07-31,0.2016914876311948,0.42616295533340903,-0.05152689430027441,0.34358589610250445,0.7177400442926438,-0.4790048485144517,-0.2858848796102869
2009-08-31,0.11003493545755712,0.3197211351468862,-0.23261631843548025,0.24285962496773048,0.5416718529592475,-0.4933159228280528,-0.28206541721612033
2009-09-30,-0.17962226588584104,0.01996893535276237,-0.5245002009724733,-0.07957726191986876,0.24668085966901596,-0.7538265641543777,-0.4748464851420461
2009-10-31,-0.37138148414786354,0.2412693607829754,0.05940687982529905,0.21115260863891694,0.5140016805007587,-0.11048095806176714,-0.34072446780862886
2009-11-30,-0.5799536842968003,-0.025818131079096952,-0.09268638374253582,-0.011778717687298592,0.4165353774190706,-0.3153795659602337,-0.6023629981897033
2009-12-31,-1.0097602698268051,-0.11838814825167812,-0.06468195944285485,-0.3064612678874431,0.1582683667172451,-0.6366014278955242,-0.6324579346869732
2010-01-31,-1.167963210000523,-0.00778787486209854,-0.07655939353207315,-0.2657678707984992,0.16731133740892262,-0.49492582885684117,-0.6011682857419601
2010-02-28,0.5451173161039614,0.55301200671882,0.22646583171838006,-0.02115467086789026,0.9238644244231751,0.2609582420398057,-0.5785256948254562
2010-03-31,0.7899015517250837,0.4278544408660841,0.10645973543186114,-0.14418057456653147,0.7315718363315462,-0.11586121521877502,-0.7473877408055282
2010-04-30,0.6773760486344405,0.11894906000483713,-0.3060460583797121,-0.11473818330169548,0.032622823616368646,0.17891839119305977,-0.41909007551774274
2010-05-31,0.5132682706849484,0.37346361964608255,-0.24920601747182433,0.025723442491614255,0.18697910594979555,0.2266842033447169,-0.26781473380711857
2010-06-30,0.6058222481062266,0.31080578057062996,-0.05084100350144365,-0.03678105288945751,0.09017270832978606,0.21124235852946893,-0.2883697761125452
2010-07-31,-0.11059371328202608,0.16863902896542626,0.2654461206174122,-0.1535717193608966,0.11073974821647325,0.07801608488199008,-0.39965066074614347
2010-08-31,0.05527639549698408,0.41412754275078834,0.5837072790611479,0.20751230206775334,0.46582526559499715,0.42041761726049803,-0.18155507843575647
2010-09-30,0.04497846300734909,0.3645271467741897,0.5931572643683669,0.19365729041443602,0.4890229837683234,0.4052210438698063,-0.15493527579114333
2010-10-31,-0.20899640525449203,0.025975163281743645,0.3415172756810722,-0.1394529458922634,0.11742454908764567,0.25454786384338607,-0.3965059486504714
2010-11-30,-0.0640105172587654,0.1840018837728399,0.1835879971672706,0.13378491453559616,0.1191052089573312,0.4242038180979623,-0.0888198043483553
2010-12-31,-0.17740093460140857,0.28041893353708397,0.11668454498926778,0.12587720050931578,0.12074975244554956,0.3624562639312648,-0.06979073818675982
2011-01-31,-0.4046049868209994,0.5177598154800324,-0.23047988631492664,-0.23786810757043134,-0.19367059872171682,0.19441355670057034,-0.18082744162611863
2011-02-28,-0.6373250365423827,0.33125194536644487,-0.43419145486265986,-0.41956625959131016,-0.4166302239182913,-0.057100542933486806,-0.13110775718568604
2011-03-31,-0.257283876824466,-0.21725568773165924,-0.18064581206942085,-0.12676516243915578,-0.1401378322737121,0.11658594006552314,0.1806878298500383
2011-04-30,-0.6048295533267956,-0.33182323394558405,-0.4128553365376151,-0.469231702727337,-0.47345480680983315,0.23848254538175973,-0.10980337393822223
2011-05-31,-0.7793271535582906,-0.3375683895388878,-0.4238309700300605,-0.2677482597757652,-0.43240545706820016,0.7747025480374388,0.15204703308960754
2011-06-30,-1.1137724204079722,-0.430436482614298,-0.4203040688053946,-0.3347409692470112,-0.30736889919460336,0.7734641700981691,0.5627883610668442
2011-07-31,-0.8116030534996638,-0.10325406214618707,-0.6194871498417694,-0.20735060592014865,-0.041173186605039894,1.1913305559154665,0.8958235852587236
2011-08-31,-0.48799195564496384,-2.114737737840913,-0.45085318556709325,-0.5748765612841984,-0.40064514143399627,-0.10765011414666825,0.0029119119126659273
2011-09-30,-0.42348182867052464,-1.8204088677998476,-0.274111018133931,-0.2703727453684113,-0.13519406194003955,0.2081372852680834,0.18287068602621945
2011-10-31,-0.3484472278886186,-1.1977677960101567,-0.28626850901732936,-0.03078637607078104,-0.06883698794932008,0.45843283223197756,0.5059607584842585
2011-11-30,-0.44324751240820576,-1.1203524059452652,0.28946276985356606,-0.13937238209085992,-0.1535630816788276,0.4449054920668508,0.41821334867034327
2011-12-31,-0.21406776487176582,-0.9105413497246603,0.39594199139518427,-0.08566233244007819,-0.005780107941003992,0.2818781580838712,0.4760037490672275
2012-01-31,-0.2080182559900898,-0.7602698863768756,-0.27612581429741845,-0.08318150704497929,-0.28053671866539465,0.24742810133149856,0.28090587194175043
2012-02-29,-0.21459073634422685,-0.7849012582654349,-0.23157920266919296,-0.09634939995892582,-0.2884483112139639,0.27011715053831725,0.23336989331489733
2012-03-31,-0.5946964400697362,-0.9582639811647063,-0.06617604806223562,-0.2022797715216801,-0.3362559376909704,0.22721463375637127,0.25257141991797677
2012-04-30,-0.29270299404774774,-0.7547700120832038,-0.24841839698667903,0.16036634569042366,0.04585938154930866,0.3513566119317826,0.48088601168258127
2012-05-31,-0.012609728643781667,-0.5929840012238512,-0.2196093132343008,0.2948474556948682,0.10154097337593601,0.41632355312063407,0.33103189023716423
2012-06-30,-0.3391946523200169,-0.6262742792228424,1.0726426583640147,0.14681969360150948,0.14363420937251314,0.11071241015188131,0.11012103340658028
2012-07-31,-0.28561065701974053,-0.8452479275628682,1.043670419747689,-0.21105230874464406,-0.020466826603968702,-0.1979751583113606,-0.09443317183519154
2012-08-31,-0.2299700866725817,0.18971830766693554,0.6050248569477503,-0.3087743273443959,0.031958241966812004,0.17337431786240667,-0.20786631863872487
2012-09-30,-0.39414206436671523,-0.0350874035043833,0.4005156230438147,-0.17042819999414016,-0.1326988572271454,0.18035157419014755,-0.3715492874046037
2012-10-31,-0.26187822192686727,-0.2104765785742989,0.5008173161443398,-0.4818856008045874,-0.08403881368637552,-0.22285242904931243,-1.4490265403014477
2012-11-30,-0.6573910112648859,-0.3920674348170289,0.30375434997368683,-0.8675243649357958,-0.34437137733321976,-0.518536216162531,-1.6668361336112536
2012-12-31,-0.4984923551353214,-0.7239561912002358,0.24951167764183294,-0.9884409857098393,-0.524194803378351,-0.44847554301288467,-1.610048893275894
2013-01-31,0.13821076829913617,-1.4702468153102197,0.1422017178388969,-0.9918185063788301,-0.520994755988528,-0.5117232670374458,-0.8904125910779082
2013-02-28,0.10211188373213768,-1.537307790930748,0.17828501938374847,-0.8167803182322197,-0.1872116331821234,-0.19195208113626666,-0.8214561143462051
2013-03-31,0.028141194212256544,-1.480227704523122,0.14517680482480935,-0.9099036019316759,-0.13661079462267545,-0.36419878102932757,-1.0825045704059386
2013-04-30,-0.026239319909379208,-2.0174168629878872,0.016791378691160853,-1.2974381090000247,-0.47114386749592346,-0.5987087092083431,-1.1754023875938098
2013-05-31,1.1883357114871202,0.4378840375520663,1.0590934243019885,-0.3967204307744177,-0.36696867187315513,-0.48955555482446705,1.8551539348296706
2013-06-30,0.508993888607052,-0.9823307625348436,0.2286736055752891,-1.5626988513707205,-0.5443525006613429,-0.6607962089474316,-0.6662515762882666
2013-07-31,0.8213919707176658,-1.2541070410934172,-0.00975366457234249,-0.830357896327881,-0.8163953523060188,-0.3568043332764708,-0.29602687836171976
2013-08-31,0.7942166435648519,-0.7627547216120912,0.012887165345581765,-0.43249271328788463,-0.7667997390796717,-0.15720790265393697,-0.09729162163638728
2013-09-30,0.5846341644684948,-0.4496000836200489,0.3534768602363795,-0.7656526918355409,-0.9381363149839961,-0.5231939654190291,-0.11806613798117609
2013-10-31,0.4659976560799161,-0.653044459131917,0.12528629179417985,-0.8519837009535758,-0.7904283046612904,-0.5791328680397398,-0.3266847830575737
2013-11-30,0.7604187415238116,-0.7752543624297901,0.2103921348188075,-0.5443429601897957,-0.6330314264453613,-0.5313531527712861,-0.12092972423172806
2013-12-31,0.760759742535964,-0.667225525872355,0.325914788784818,-0.38154970418264333,-0.4958212726236443,-0.48955441589647697,-0.20144105051473152
2014-01-31,-0.6201944494131392,-0.3637033566922646,0.4478653433835445,-0.036645102569900806,-0.39496116871049286,-0.1245389001483748,-0.04161095784618481
2014-02-28,-0.5296022984486538,-0.6900755850283781,0.29555601836810935,-0.2790363329568125,-0.7541404898370458,-0.46312791127415925,-0.12895028047347773
2014-03-31,-0.2390759036024882,-0.5326282633359465,0.14351565194988986,-0.23503640771201886,-1.195461936122829,-0.37869899412466235,0.09224867114260119
2014-04-30,-0.10540363418362599,-0.44500490348851746,0.41365434486417485,-0.16203354716330487,-1.0751036397638352,-0.2469026962915383,-0.07819027847409926
2014-05-31,-0.2967331814874053,-0.4593283171103135,0.19376345396923858,-0.03151113846261468,-0.8790346648828292,-0.13978920837888387,0.019976361604307012
2014-06-30,0.356254399717457,-0.20497939535969223,1.014723941744339,0.3994021803749411,0.6927722071581722,0.12264514994503113,0.27015967441709915
2014-07-31,0.5505570101757556,-0.05961864906072325,1.4324672217766166,0.4180063338407633,0.9359545146086724,-0.4120676177389919,0.20760621194456175
2014-08-31,0.15533066790134092,-0.21796656213844048,1.5467717825163194,0.060853817404774205,1.0012124008848278,-0.8230442450945364,-0.02651957743723302
2014-09-30,0.13162438027938023,-0.13693136225782093,1.6530761999786405,0.1689815216694924,1.205801042387253,-0.8363041076107288,0.16828846456556584
2014-10-31,0.4714036923374828,0.06380555747724165,-0.6901399453502965,0.3912530233362052,0.34995558235848195,-0.9125084234703468,0.4328231525014038
2014-11-30,0.24055103436397338,0.6217736208081444,-0.9455841954047699,0.1485521772633674,0.1269333241673032,-0.7562655394469046,0.08578619068322901
2014-12-31,0.15604913679380258,0.8623923861319296,-0.9293352958658926,0.30517969100212206,0.10971685283145292,-0.5480357814534511,0.4132812711448097
2015-01-31,-1.0477303394788149,0.8118462732722396,-1.056147386459537,0.30654883155344204,0.3344432299801863,0.21317863232930623,0.12503014054652065
2015-02-28,-0.07520897577801607,0.7075794349975805,0.18205434390631017,0.41853638068011734,0.5175485747030601,0.6082254272899226,-0.13387419543777412
2015-03-31,-0.2035521373567095,0.342788576619352,0.12377143753983032,0.27847621589751814,0.605189954455105,0.6116857911646116,-0.0750893600215379
2015-04-30,-0.13406401675248206,0.3023473456720591,0.3014747953358717,0.4207194696750068,0.6588809078542547,0.6115117625998491,-0.0741168410653668
2015-05-31,-0.09701578938939791,0.5465432006154339,0.6698491574662387,0.5103471608257856,0.4891135926697572,0.6584739401483947,0.0023660861988681688
2015-06-30,-0.10942834946192527,0.5204717093949572,0.7763573447701587,0.4290624547928156,0.4767474304649889,0.36712359613345885,-0.764630875282613
2015-07-31,-0.21243979197237572,0.3047987891395931,0.3714862482183114,0.08703293923998075,0.10366154910832227,-0.009502457841333481,-0.8697030523818639
2015-08-31,0.008071373659565046,-0.14848391633535735,-0.07577675032014804,-0.10560314857921987,0.04437217856535867,-0.869655081331034,-0.5766615383848841
2015-09-30,0.29737417467957206,0.016622698334877225,0.14250730080081897,0.10772937702186154,0.29392705335629177,-0.4868842710513165,-0.5698278263491987
2015-10-31,0.0819055426008661,0.010523191677878595,0.024539486678242194,-0.08656787875548964,-0.06812772677638897,-0.45866656968271685,-0.5881692452067823
2015-11-30,0.2323218953274435,0.057642596817009006,0.1547106241749384,0.034733310288739,-0.07146728040268553,-0.37618082113419776,-0.4648814760802316
2015-12-31,0.2379241373707621,0.1177509936442191,0.06202091904098346,0.04555801535585815,-0.0964756202415697,-0.20378414822700955,-0.5060984866489451
2016-01-31,0.3035762019282196,0.4160470723390208,0.30779782741175726,0.41573658390342955,-0.43827114090571045,0.1417158927782559,-0.20025909189429583
2016-02-29,0.5431789512575856,0.7876428227926353,0.5994096806577062,0.7230147821360006,-0.45575177884123874,0.3292766134822624,-0.12267338774480441
2016-03-31,0.6655691144149698,0.78764911927787,0.5987012774620128,0.7816132784899679,-0.47128913349880786,0.24376510896974704,-0.3999091390410445
2016-04-30,0.4938917883320686,0.5851969325145271,0.38535674257236663,0.7342397299814898,-0.5468868280360902,0.2311506323551059,-0.3900665612722253
2016-05-31,0.4286216847102052,0.4614786453405899,0.30029324528181267,0.5833658591190738,-0.3344054647814064,0.19645253943247443,-0.35311050762283863
2016-06-30,0.3803082239957577,0.4822832491866671,0.27362612821732274,0.5702060340505516,-0.2418784742414277,0.14369132351653713,-0.41008448474727555
2016-07-31,0.054018073933625024,0.4008949551193914,0.27356742297594544,0.5747541306228147,-0.27351554049736393,0.16760218774274407,-0.3955954042106022
2016-08-31,-0.1524557246446298,0.25179344636580153,-0.03557417931694227,0.6935689496052941,-0.6113046675297038,0.7600667667706765,0.28087753636813173
2016-09-30,-0.3430238240468641,0.16079903477727883,-0.330423807612491,0.5490015678434522,-0.5974490627163234,0.968419475653939,0.2455854248990875
2016-10-31,-0.399682400373774,-0.4394790758756048,-0.6755640277401769,-0.5719113167089328,-0.6642307212501208,-0.5293349302257495,0.19367391394126873
2016-11-30,-0.39954964410816174,-0.31548799392630633,-0.3857257859846788,-0.580458498887784,-0.5898433069845598,-0.5058055761462887,0.10953003283153089
2016-12-31,-0.364212697682302,-0.4339158560303225,-0.5330352358342578,-0.45468135544934113,0.1209866593452853,0.2866871623649536,0.124110348963654
2017-01-31,-0.6050121118220625,-0.001755053242401511,-0.7650925222379453,-0.2844087271776468,0.6125783109537635,0.6366438469461406,0.3799255489223111
2017-02-28,-0.44762238837672447,-0.2583649394844862,-1.182046692088607,-0.6101992200714969,0.4263388426461736,0.23371116154749663,0.1191606535470738
2017-03-31,-0.6760651853910628,-0.24010863166414648,-0.7535482480032205,-0.6453011905574295,0.28105970667579644,0.20650703734766307,0.1780698648473113
2017-04-30,-0.663166678021323,-0.2633045306989925,-0.7078055358021658,-0.785116612851315,0.3842575487020724,0.11789420459012284,0.24134427655671237
2017-05-31,-0.6992794503485417,-0.1952838193567784,-0.7973398005954982,-0.6526925949567899,0.26134871969100276,0.26930477802783165,-0.10165452565818836
2017-06-30,-0.7242908549850088,0.7703575767103926,-0.028296868012285342,0.034659409484242176,1.2961143808251196,0.10612996543998177,0.09674951528479593
2017-07-31,-0.75802271867755,1.0945398562028763,0.25836629792341487,0.4074993875751132,1.2659768845601245,0.08965472670519466,0.32686901750189307
2017-08-31,-0.4664668847748357,1.3463772953377366,0.40551547772116686,0.41553261186790297,1.2562547962467374,0.22101390350801603,0.333468916749592
2017-09-30,-0.8200110314282697,0.8445432320229996,0.40054229229629384,0.08725828421964343,1.1529764174239505,-0.1354072552269886,0.5960917387458513
2017-10-31,-0.2015748767041991,0.6749105386873449,0.5964339007730697,-0.08594175231914516,1.3762229521604679,-0.42300235273529596,0.49126548469593445
2017-11-30,-0.23747712284995418,0.6359675252979285,0.8565643130984789,0.07158306132014051,1.337284743780225,-0.2617167367987285,0.5222542833747724
2017-12-31,-0.7081838871205532,0.6865555443476541,1.3507158776632338,0.2928577587915029,0.8870820306792427,-0.22989083199599636,0.44260530265328496
2018-01-31,-0.4668235098984997,0.5009021272944205,0.9499055090775592,-0.05119438532075148,0.7331056524205817,-0.6120576991928802,0.44687445653753755
2018-02-28,-1.4141685706418072,0.010236551785942367,0.7587288547786595,0.1882235909348826,0.5887933428125647,-0.42509948343313797,0.5248914169042285
2018-03-31,-0.9595109528171778,0.39039969823680215,-0.15776138407430848,0.3979718376374973,0.8190765662021778,-0.1847620650329876,0.7605483501552311
2018-04-30,-0.965050540983346,0.25532687533540344,-0.02334131335843882,0.7112446341476761,0.5359963218258379,-0.1617220322945989,0.5741457335633126
2018-05-31,-0.7629577949440399,0.38677088919953967,0.2675631409937435,0.8285482667940501,-0.2684235428636147,-0.061326912365897046,0.6859709432045422
2018-06-30,-0.9712281296005876,0.388132009770508,-0.10314608040579888,0.8628716104173333,-0.2677169007937633,-0.16646910114119207,0.6540646607748258
2018-07-31,0.1540227841738381,0.027078711089390074,-0.18300779014076118,0.515643489551945,-0.22838795111205265,-0.15089021372162453,0.5861272855870148
2018-08-31,0.1892988906960943,0.12923946006968945,-0.09912202946720021,0.5879914254899585,-0.14570014660501984,-0.1455833837370672,0.6268960506612615
2018-09-30,0.2794695365981431,0.10356151676455107,-0.03246322899964628,0.7853429834905797,-0.10585896008249503,0.2009871212636994,0.46790950951592836
2018-10-31,0.43781024708732014,0.18026490130518164,0.29635713812157083,0.41314148673204354,0.11992564549317838,0.25803910585956735,0.5821907038179416
2018-11-30,0.5039891889655747,0.1893827083850454,-0.03653649954392419,0.3799883948851319,-0.014628656271151551,0.05803474730620234,0.5765055262217749
2018-12-31,0.2870539789809332,0.3094809769275115,0.08154657858798237,0.431561635363233,0.08000092170317288,0.16085343965191148,0.995141670436958
2019-01-31,0.2600258603420337,0.48923989598562223,0.2574544626235154,0.46841876890126655,0.08879158358188216,0.44054874767700075,0.5784956697888529
2019-02-28,-0.10627226704192873,0.13574074332899042,-0.08352629887312504,0.100671950908522,-0.23161997630782413,0.06203172767575947,0.2918645626625798
2019-03-31,-0.2969682786945954,-0.05113944427813827,-0.2227078081593191,-0.1924122610899346,-0.3928003923488832,-0.12284829017121802,-0.07213977810937476
2019-04-30,-0.37129100446400704,0.16901780377532102,-0.23041033683493636,-0.3668267998060594,-0.45989438589085113,-0.14259050113801391,-0.6059174058085167
2019-05-31,-0.3500122200004862,0.336613454500442,-0.2581514291753488,-0.3402911581928144,-0.476535667969648,-0.026413728487677004,-0.20646399919944755
2019-06-30,-0.4487395779025347,0.012244896848496438,-0.2781971989876279,-0.48850826571215417,-0.5428077074937158,-0.22231585241288207,-0.31539887633076436
2019-07-31,-0.42614263947229347,0.3109780385538289,0.026157127737884305,-0.30478551679818056,-0.4697336102619495,-0.15804693696365954,-0.34231784891369726
2019-08-31,-0.5715060272893815,0.26222462513522,-0.08180312224117621,-0.37847308379498507,-0.6871675329745383,-0.17485646298452828,-0.3802490093125106
2019-09-30,-0.6135152861422384,0.001528010628838716,-0.19866605875285762,-0.44787538563684476,-0.7304280122989699,-0.4611206349274224,-0.4361734607666872
2019-10-31,-0.8064418079631811,-0.2549709397108565,-0.40830903431723786,-0.6256217506289842,-1.1254602180779436,-0.600348125528114,-0.4475036166470456
2019-11-30,-1.0006708627314211,-0.5440596894782884,-0.344548822642896,-0.9555972550160335,-1.2351988873052626,-0.8004331856195488,-0.7609514655016284
2019-12-31,0.07038650245486006,-0.44909271749229007,-0.533958338680225,-1.3024648940483456,-1.6807089055773499,-0.9465568089005822,-1.2605986911710223
2020-01-31,-0.21699855258995662,-0.08687222082284728,-0.5350243498491423,-0.8858358527417998,-1.7039835508048362,-0.8838277737378387,-0.8041858098998187
2020-02-29,-1.7698768862944572,-0.3576502012403159,-0.44694229935793206,-0.8265603624492345,-1.1387353537803793,-0.949499369154113,-1.0427001013224484
2020-03-31,-1.1620884570032781,-1.1203024035679117,-2.110984827049808,-1.3250277726033837,-1.9239358508177937,-0.7685042451661528,-1.0873846677453771
2020-04-30,-1.1326916470372042,-0.9017396438948561,-2.1732539699115287,-1.3399884372031798,-1.9082125110944599,-0.6263227034861687,-1.0140523204043275
2020-05-31,-1.5130895991900866,-1.1808905279240864,-2.445795608361682,-1.7747938928206441,-2.523037201363788,-1.036888262343446,-1.2226462865221772
2020-06-30,-1.6703460161068553,-1.1676154629015685,-2.450839750575073,-1.8772378012778514,-2.591222015199809,-0.9965142206714755,-1.2548114744103407
2020-07-31,-1.6096252256318426,-1.2496630633844528,-2.30138424287702,-1.7256994240427677,-2.508752445907375,-0.7504596794378293,-0.9846364169975378
2020-08-31,-1.7230204235338222,-1.4705422690901317,-2.3616318661057867,-1.7837863252672224,-2.557821710019489,-0.9377817462762604,-1.2935192624874887
2020-09-30,-1.670862053959345,-1.2795426639085588,-2.3923355692974244,-1.6125373651413077,-2.38649027329732,-0.8247039743179375,-1.2167127604336285
2020-10-31,-1.071060034094748,-0.7938100026739663,-2.258095310153172,-1.3652852683532697,-2.0753629450738567,-0.7030199493990027,-1.0361146764195774
2020-11-30,0.036570908554945124,-0.3244933633901188,0.6432926821277108,0.4633869399003361,0.0571316288089376,0.2721947719156411,-0.02425652121911532
2020-12-31,-0.020010581774712984,-0.42276093722997915,0.7081762677786455,0.48559471318428205,0.06529112527781543,0.18944219527019504,-0.03602305021718873
2021-01-31,0.05330690040477113,-0.4204049467643992,0.7559433065960919,0.4821505445127378,0.11493441667027032,-0.002636013315723567,-0.1455399981096721
2021-02-28,0.31988142838534184,-0.7518975954362106,0.4389787507913416,0.16365951472728194,-0.17705168032791702,-0.09902979127785676,-0.4038758223075022
2021-03-31,0.18834286329115166,-0.3381148073959791,2.320222744352449,1.575269993001748,1.6419617620026108,0.8945636870059828,0.9356719776223191
2021-04-30,0.464605838376681,-0.054969776398324934,2.292603775515147,1.610485907102847,1.7314845011966273,1.2276568386212288,0.952782206113761
2021-05-31,0.3454076013045637,0.15367005114569324,2.2362003791591345,1.60433691134358,1.6701539097747813,1.4095171642120976,1.1099613379778484
2021-06-30,0.194973466654412,0.41067695358800604,2.2473643841517896,1.8022819406628319,1.9386222690127184,1.6105740460834645,1.189051020014842
2021-07-31,0.06923263554790186,0.4082149607723437,2.3500381593999595,1.854515876944961,1.9174883693634581,1.6972477310795424,1.441120778484685
2021-08-31,-0.0200961665104052,0.5754447468246804,2.3303582172596706,1.946989811589036,1.9293156678625003,1.4888261091615804,1.4331409316192758
2021-09-30,-0.19059426687704106,0.5811227601902741,2.3964397346735655,1.9778480178576616,1.9777649952066745,1.3201963778284767,1.4591217628281608
2021-10-31,-0.34777044851182826,1.5540596015359711,2.45124787379028,2.1251049994936877,2.1674942156731487,1.4266545697368347,2.37103703260502
2021-11-30,-1.1603275675536404,0.6161802767453946,-0.6965489355116551,0.016503300194493996,0.2757357920261055,-0.4934207085960648,-0.07122137340763603
2021-12-31,-0.9682119138778089,0.5131532683896562,-0.8162266712732664,-0.19439702384338287,0.007677362606181906,-0.45903134499855863,0.17692252952140025
2022-01-31,-0.8823334828338768,0.48896397867353314,-0.9966599133182679,-0.13821307289428691,0.03682509179744827,-0.5070070719111441,0.019432524580117013
2022-02-28,-0.7789535965772149,0.28176407907213896,-0.9061725597967882,-0.1298723433497994,0.19092997936915948,-0.1962735566755649,0.171248366472564
2022-03-31,-0.7337227738149644,-0.3613910242488431,-0.8238420471789382,0.004630403811609889,0.2594787040137604,-0.2872097797408301,0.4431313811571293
2022-04-30,-0.7299296050312047,-0.1028413774597407,-0.816885886550364,0.37718620230554967,0.27477754304492163,-0.05334146722888992,0.7199580128963845
2022-05-31,-0.31743124768399605,-0.10769932175565432,-0.8689900864035631,0.7101916194301602,0.4176454741800907,-0.05443023598215776,0.705223905898381
2022-06-30,-0.1594885136300248,-0.6911658026287146,-0.9583568596039738,0.0012598555790430512,-0.9469721547547236,-0.026771553455618564,-0.9231686347131103
2022-07-31,-0.19201693906427603,-0.5457376567597849,-1.1201934553752837,0.38961169326148914,-0.843475612134276,0.7185923488106368,-0.9434974053931505
2022-08-31,0.10092096416202913,-0.20259227560075932,-0.7947933102202686,0.6070535520551281,-0.5593042604505942,1.0325280961547205,-0.6033789952240048
2022-09-30,0.12907813282936595,-0.11916801285427027,-0.46257761833363953,0.6276070105913742,-0.3892420161536826,1.0751976652917175,-0.50797428945923
2022-10-31,0.1978810203229789,0.2909467427478635,-0.008329417780641989,0.687074744213957,0.08173712092141587,1.0885398990747333,-0.49815126970732304
2022-11-30,0.08091445532411565,0.035434672238324236,-0.2601338087747301,0.351223123906144,-0.14018645495747703,0.638608633336679,-0.37193606902840315
2022-12-31,0.324953045715489,0.36397978751373267,0.0014134690564435086,0.7586331876812955,0.1839341352171699,0.9450400798689252,-0.07944602364590038
2023-01-31,0.011408458504759408,0.08851902448929712,0.09832694511028056,0.42024853208738067,0.1577960500848591,0.5081100899139342,-0.17641782213170498
2023-02-28,-0.0076817609468735025,-0.15977414284574662,-0.1741343027142736,0.16706139212322316,-0.1318089026111685,0.33683441390517693,-0.28842788617588916
2023-03-31,0.07868579354225498,-0.2532919616676473,-0.10954983156388122,0.1333344484252574,-0.14061521899926324,0.28216525487400534,-0.04648168047285443
2023-04-30,-0.08783713630116761,-0.43991435732098555,-0.025972290960398953,-0.05140910892114135,-0.25137951366372246,0.19075234652619177,-0.20716375159163364
2023-05-31,-0.1853889596315778,-0.26940418117831405,0.23230813024961716,0.04441025188020523,-0.07174804213715068,0.2591418815018162,0.0040131065243035535
2023-06-30,-0.06833337974255357,0.00035590278980774385,0.19057896563507282,-0.13157431933732147,0.27802396560467363,0.08694897953424983,-0.19378840390137997
2023-07-31,0.13272054286660878,0.18129133109881437,0.20200143654430205,0.041031568308502415,0.28740277820996807,-0.0566993119312757,-0.1477859079187038
2023-08-31,0.09735389226715915,0.25288077809397924,0.18548106244210585,0.05338702068313065,0.3013447352290009,-0.004241585494640336,-0.09573787772369806
2023-09-30,0.5201008641343972,0.4481319644155485,0.6748141018469551,0.18676461877714445,0.34161514729525666,0.07290885994865329,-0.3339611836658709
2023-10-31,0.2884993805499252,0.7065764014769511,0.8883051896200923,0.504689125467785,0.755781261621172,0.41775985555649,0.022749192131153187
2023-11-30,0.3588973416407215,0.7858175942153263,1.0241036265094354,0.474822180047703,0.7872521522561037,0.29909323750966116,-0.37783504967062365
2023-12-31,0.019594929378569218,0.5582244830890851,0.9846626167251785,0.21238108668599168,0.7123440157561507,0.0983298978222295,-0.6405474388964124
2024-01-31,-0.2250427296430559,0.7707301064600345,1.518385844871113,-0.3066312562441722,0.5847970509564995,-0.42222255835841754,-0.47483578549229666
2024-02-29,-0.5012351305859153,0.5409194884165127,1.9025934471126698,-0.33040364492884927,0.4572191966548781,-0.5548563874343765,-0.36976805700867893
2024-03-31,-0.6703419825833175,0.34019560500213397,1.2543358369476276,-0.4903624358853295,0.0703231746670154,-0.7524323308037502,-0.6560783581399757
2024-04-30,-0.3164200364837895,0.5085663895425985,1.2735126446239116,-0.14889223865826176,0.1057045150701687,-0.692875504488631,-0.6629429615446857
2024-05-31,-0.09420972636652335,0.22353838534122564,1.0035816038058771,-0.07374045767201205,-0.010795821600271774,-1.0407563041799603,-0.8103633081090458
2024-06-30,-0.0397993075688248,0.4998117508550885,1.3526147178500665,-0.13927863116167263,0.16413823242763506,-0.9893229406186844,-0.5245328050409717
2024-07-31,-0.22588016165808697,0.5264402013854208,1.3211955055752178,-0.09302215559954785,0.34386192453292364,-0.7481362427154177,-0.5330415807497384
2024-08-31,-0.43641159647174305,0.33985267766042754,1.1173659597739625,-0.3697647788025559,0.16004120641829944,0.08429911559949026,-0.642109157371455
2024-09-30,-0.4010095503649951,0.2543967308714541,0.856330666944345,-0.5639360654038373,0.14308075684212576,0.21475249893962353,-0.2511162101910774
2024-10-31,-0.11569069720159886,0.5601717169350257,1.0435125295936707,-0.5634149653449203,0.06760906419248473,-0.3509808941499446,0.19578132825741137
2024-11-30,0.1724890300524325,-0.7009035109312157,1.4075599321245837,-0.7528984831138442,0.2442799207097824,-0.6890973171441047,0.15355871958169393
2024-12-31,0.5178737273145085,-0.555712146924429,1.4379451475302283,-0.8103816867137864,0.22354167015546333,-0.3711705311931683,0.49385037108857177
